ticker,date,momentum,volatility,avg_correlation,max_correlation,min_correlation,market_correlation,sharpe,momentum_accel,dividend_yield
BJ,2026-04-10,0.035105550727078993,0.2970044218427641,0.05703005416996077,0.4998148251998243,-0.25783653068027623,0.10325337973174183,0.23640300914922072,-0.08511354830055107,0.0
BMY,2026-04-10,0.34896800436040354,0.2714836476262295,0.1350312888108921,0.5503235843758768,-0.3163875041082869,0.3015081031719364,2.2001269765365676,-0.3260873947317857,4.24
CR,2026-04-10,0.05162443904023739,0.34150790372412415,0.25318484724443074,0.6816523170731231,-0.2824951915915092,0.6326472648567303,0.34351702776037685,-0.061440191257882804,0.51
DASH,2026-04-10,-0.44946268499287256,0.4914082371661877,0.13177628178291537,0.5383518858327037,-0.43256564487032595,0.358921342456021,-2.277423736429527,0.32525517490706435,0.0
EPC,2026-04-10,0.10688923954394891,0.3534439610111596,0.17411998477822777,0.5572400331387496,-0.18946037724707088,0.37986139138582575,0.6330818133955224,0.0841485881857088,2.69
FDP,2026-04-10,0.2878585200118067,0.26360206648749573,0.08882923326372051,0.3674274978893934,-0.34097183444942486,0.17789187412549776,1.9034197969338025,-0.21176010858716698,2.81
FWRD,2026-04-10,-0.1886952998083654,0.6175781746492792,0.17945909828831713,0.572664097939935,-0.31327974834879063,0.44046467885501733,-0.44231016234525106,0.21884197313785847,0.0
HBAN,2026-04-10,0.023438446065142227,0.292540945274509,0.3003954152200104,0.8840788508051379,-0.23546162880214477,0.7028787927619974,0.1588007319980156,0.07676993325783232,3.74
HCSG,2026-04-10,0.2258882877056254,0.4416527496841553,0.13438700290440964,0.5156994030002993,-0.2650782897817823,0.3085928032992924,1.0449596465952784,-0.31395614766783186,0.0
HUBB,2026-04-10,0.30314143485777034,0.31506619831700816,0.22116887797814244,0.7475662253513407,-0.3217869357128575,0.5776830345791015,1.7155293565357224,-0.023194141510946675,1.06
HUBG,2026-04-10,0.12537220739143096,0.4368130858220414,0.1571203684800847,0.7623557462858919,-0.35756972141040144,0.3697376622808472,0.6745806160643067,-0.039122304410991626,1.29
ICHR,2026-04-10,1.8343372925818215,1.0296064110480196,0.18325127396920776,0.7691735473172169,-0.3502084448242443,0.4918597013506375,2.5264607629031723,-0.7726727181058308,0.0
LEG,2026-04-10,0.14569521455542,0.4840093461383697,0.19944882695632418,0.6089606587201328,-0.234323935386622,0.4788811549504816,0.708437051015485,-0.28032127166660115,1.99
MKC,2026-04-10,-0.18800752809696142,0.31771113960865677,0.024866695858162313,0.5892676277341893,-0.3179588708067183,0.0024216776393915836,-1.2964104177103761,-0.05007802046840448,3.73
MNST,2026-04-10,0.09959438101658957,0.2383951030998025,0.07419343241070442,0.5096111422386481,-0.31106958189368655,0.15963195975351277,0.7412422229024193,-0.14533027613154448,0.0
NEOG,2026-04-10,0.4314158736553175,0.6429742191453388,0.21095457055487482,0.5074933554892981,-0.20164611042963793,0.4961980225850126,1.3538737756523778,-0.46256652613232296,0.0
OLLI,2026-04-10,-0.2696078842382974,0.3601762562908126,0.1134988470885781,0.43497105626781996,-0.2013783754933872,0.26709283188293415,-1.6981335093617032,0.07120555905859782,0.0
PHIN,2026-04-10,0.3984731633452654,0.29653797830631756,0.27759207873351366,0.6557419846440214,-0.20412705244185453,0.6624732184492175,2.2844237143137422,-0.11243814899951643,1.62
PSTG,2026-04-10,-0.351419583193199,0.664080521778678,0.09773694197516786,0.511307788180036,-0.3035204660834272,0.2906701501266754,-1.0218864523263191,0.2862745710469198,0.0
RNR,2026-04-10,0.1666250231336599,0.24965857737624822,0.023426616065986196,0.6845493188381986,-0.3642101705013402,0.00821321032715793,1.196131181582205,-0.08790977261398869,0.53
ROK,2026-04-10,0.1622419828570476,0.29778989448994453,0.2666424176359354,0.7694001595383682,-0.3309690392429423,0.6757895872514268,1.0220063477196204,-0.04832273578874302,1.4
ROST,2026-04-10,0.48792759253264273,0.2420577880319113,0.21825073548352536,0.5479721293370814,-0.18835357150141638,0.5283539885396085,3.2539930335698837,-0.31699440826203107,0.79
RVTY,2026-04-10,-0.012084354941940711,0.3565123759383728,0.2764263500950793,0.6936321632956005,-0.2839458891955217,0.6900720011937189,-0.012022047637013646,0.0068309535504409435,0.31
SKYW,2026-04-10,-0.05914032615643694,0.3598725513652793,0.2882639127741163,0.7990267626375663,-0.24418069970426654,0.7066601119768326,-0.2825574776570441,0.11523013339707067,0.0
SLB,2026-04-10,0.598035824581634,0.36933996797281304,0.20326957062959347,0.7903220904874361,-0.22626890107625605,0.49968169605038854,2.629321444439548,-0.3225706533660093,2.25
SNPS,2026-04-10,-0.19033465764539315,0.408843380369048,0.1764145729127877,0.7532371698486822,-0.4392771947608138,0.48635487332350075,-0.9394103782552086,-0.01657772963219728,0.0
TRU,2026-04-10,-0.14354279972615247,0.39497600213812517,0.22227103896175798,0.8496242042286763,-0.27734349576731165,0.5318662643300124,-0.699764727190275,0.00796091480683847,0.71
TXT,2026-04-10,0.07692464466447513,0.2567586572291095,0.24907096564597986,0.627774784744043,-0.1797440015736749,0.5730427193938821,0.5430722241818805,-0.13192045934621455,0.09
UPWK,2026-04-10,-0.40562252006381905,0.6530216824133566,0.10386628801858906,0.5114384691820255,-0.34512664418683525,0.2761114792890357,-1.3389741533086972,0.07068037944361583,0.0
ZWS,2026-04-10,0.028014389721487065,0.2644356297184192,0.2642904305734542,0.678820236663526,-0.3449800605179181,0.6353221793552873,0.1765701698348434,-0.0021339465987996187,0.91
AAPL,2026-04-10,0.032037374529791274,0.21757227166161844,0.19383938242620655,0.5469077559488832,-0.3020846766677351,0.47020801692940295,0.20262187780828977,-0.03269253011625628,0.4
ACA,2026-04-10,0.2234732548932079,0.36292994723569694,0.22090123089215324,0.6476722451765833,-0.32607843048377355,0.5417963389883675,1.188705303734132,-0.20795492613650146,0.18
AM,2026-04-10,0.20055764752092764,0.1971675663072928,0.05087718715718666,0.6099331693906062,-0.23632077751092312,0.1073268809763316,1.74977251587327,-0.2835433385608527,4.05
AOS,2026-04-10,-0.033145079660864774,0.25111668361244815,0.2879379158993086,0.7447081593639046,-0.24149190855611274,0.6591712416974855,-0.31778970676774826,-0.016441735618936804,2.08
AVGO,2026-04-10,0.09087196967994848,0.4802748360723076,0.09915572896403133,0.6449541013303657,-0.4334185149076481,0.3119318149342217,0.5128621612438435,0.0667123078214994,0.73
BKR,2026-04-10,0.32085440306304225,0.33246131215600594,0.17511438472188165,0.7171463748393659,-0.2076885612516072,0.4365309142435134,1.7252733017198383,-0.16944058684276087,1.45
BRC,2026-04-10,0.16221789752666682,0.21455500933594326,0.2178633842324321,0.5939586614477823,-0.22186982767045427,0.49727950975616575,1.3194247402064143,-0.23002421038396192,1.16
BSY,2026-04-10,-0.3856020195724368,0.3909162168244112,0.14503399862708385,0.6306681238279577,-0.3070198724550212,0.36474242541245483,-2.4256446115326034,0.02850901986680665,0.84
CL,2026-04-10,0.1084154026384796,0.22789759413823946,0.08233464714083305,0.7260667648289072,-0.35371554159856883,0.12304206524433813,0.8345944320956519,-0.21368229876774114,2.46
CMC,2026-04-10,0.1304979253923808,0.37224485357554127,0.265685808745858,0.688991863553278,-0.23905210247895162,0.6508899022253662,0.7342858706725526,-0.14633067089197282,1.13
COIN,2026-04-10,-0.5700775067627584,0.735160149738364,0.18622558997295688,0.8376138705111419,-0.2847061063632387,0.501938679317707,-2.0070351506987203,0.3885619497572447,0.0
DXPE,2026-04-10,0.23956898340527877,0.5240601929521924,0.22733729364396088,0.5973272829953044,-0.4639728137834811,0.5621804124117172,1.0145423524770756,-0.04149147075015314,0.0
EXR,2026-04-10,-0.0004405000122846836,0.24812628786334753,0.23230089580607924,0.9078340305353696,-0.23228429515594565,0.5219079895035549,-0.053682537789511535,-0.012912071908702027,4.65
FHB,2026-04-10,0.10675938367157611,0.2697780672502735,0.3039507955705187,0.8614606831094195,-0.2605374088033951,0.7185489709325247,0.7331622745106535,0.07729297958326431,3.89
HCA,2026-04-10,0.19524206140655997,0.27596506675478033,0.06530742157502696,0.5870940617888681,-0.28818458814625536,0.1314495344739599,1.2835229737721883,-0.33675671957202735,0.62
IIIN,2026-04-10,-0.006692193805186375,0.4095307682877561,0.2124746927154673,0.6595409741362963,-0.27324101817682694,0.48656527008691736,0.07818327215443947,0.19316275914072134,0.33
KR,2026-04-10,0.0320606689189884,0.2803804519326825,-0.034114080937685504,0.6353899379650446,-0.3798589735708094,-0.12362651860442307,0.212299906139697,-0.134745461667919,1.99
LUMN,2026-04-10,0.09708028775347821,0.884297331062434,0.11177305602611437,0.586740467591302,-0.34578442232227313,0.3280248152771209,0.5906332647673992,-0.008403254138011351,0.0
MCY,2026-04-10,0.12363478271032569,0.2738527935785815,0.1370609276836781,0.6470910548595986,-0.20885076543018724,0.26992988879243857,0.8390204904925342,-0.038901492193055165,1.35
MUSA,2026-04-10,0.35051090019909803,0.36454297126010365,-0.028822050233303316,0.4507639940155043,-0.4387395785682157,-0.06655075569942155,1.7295699977761223,-0.11252858044183633,0.51
NAVI,2026-04-10,-0.32799012184043685,0.40983213392952816,0.20148931021150088,0.6805987698093728,-0.3098030787241946,0.4619608650932126,-1.8400184382825029,0.33569733169153515,7.7
ORA,2026-04-10,0.08791072086683549,0.31232828698849957,0.09652698895230438,0.5246315890260093,-0.3675200348568921,0.2738541381847779,0.5628990053041657,0.028974447401969416,0.42
PRIM,2026-04-10,0.1863648307158503,0.5103032883408782,0.15693199179656073,0.7366326143733676,-0.3115461057228659,0.4304677902855393,0.8460335962095735,0.1903367614775564,0.2
SAH,2026-04-10,-0.056740503547100696,0.4063411974316248,0.20162278023479852,0.6648118722579318,-0.21779399226502857,0.4747896500252261,-0.1874381690742589,0.22904036446726883,2.24
SCSC,2026-04-10,-0.0872709491763316,0.3944506045433859,0.22990875636435434,0.7337794709236887,-0.4497196854882806,0.5813014350031982,-0.36847672207119636,0.14761337478659686,0.0
SHEN,2026-04-10,0.1470837525377413,0.34780874125039557,0.15684518635815153,0.4632385276932072,-0.134624654205654,0.36335794149185396,0.8435227926091284,-0.11126939164477467,0.73
SMP,2026-04-10,-0.021317583886383606,0.29690807305729244,0.21596885887009212,0.6169312251788799,-0.22209069851712088,0.4891401032232428,-0.14324171007754155,0.05911144649487321,3.5
SYK,2026-04-10,-0.08398020702001963,0.22074408121935915,0.15643685133984556,0.5127873202630965,-0.28626285211801844,0.33342011360848395,-0.8864160499988525,0.03588950448292172,1.04
UFCS,2026-04-10,0.27508848827157983,0.3190776841457487,0.14025718180501093,0.643773281887346,-0.438917235696344,0.29232673747537385,1.5538874645597613,-0.14048509260813102,2.02
URBN,2026-04-10,-0.04046165933183943,0.45745211641875444,0.18408365339050092,0.6447863150747026,-0.16281313777649423,0.43432894485786566,-0.050891545264814174,0.07375637087691933,0.0
ABR,2026-04-10,-0.2941710141372591,0.4268780663166798,0.17158327670867082,0.499140933240557,-0.27468027076176826,0.4134406161277386,-1.5302297000839546,0.21069820452939325,15.94
AIT,2026-04-10,0.1531046029658496,0.2743637444204055,0.27931486457175586,0.6816523170731231,-0.18829614872755454,0.6658331321888636,1.0269289264364476,-0.02344176675958365,0.71
ANIP,2026-04-10,-0.12723061883315812,0.33025738548819544,0.12190254080239926,0.37848078617705255,-0.19898301172535046,0.29143858036112635,-0.7982165720111845,0.19594017914298623,0.0
AORT,2026-04-10,-0.08029734786353315,0.34411365366040336,0.09985030878412267,0.4442944786067732,-0.2799029353574693,0.23325256126689178,-0.44186451080300404,0.10920825793542366,0.0
ARR,2026-04-10,0.21918554357523656,0.24504947428969953,0.17657007704020103,0.7704213833890285,-0.26829825879142344,0.4118084061899609,1.5788459226714215,-0.19377524403701918,16.4
BFH,2026-04-10,0.4197177114118371,0.44694853833791914,0.23759195369174171,0.770800636217062,-0.27496363109074423,0.574076276948637,1.7108151294362182,-0.2671866648437845,1.15
BGC,2026-04-10,0.19846384500789283,0.307077771060199,0.1541147400470081,0.49536851533602083,-0.16489665604834067,0.36587845717662415,1.2001563644697635,0.14413952791618634,0.72
COF,2026-04-10,-0.08358617352651188,0.36262377142014895,0.28697941008920663,0.8431505230243336,-0.2992421164044177,0.6913706056638319,-0.42068225344194426,0.16625071296676697,1.64
COO,2026-04-10,0.023010800816252175,0.27015392286536666,0.2716802719563284,0.5940079459081918,-0.16408927450481528,0.6432622045970764,0.143734640321351,-0.10127792300861238,0.0
CRBG,2026-04-10,-0.22439775434272835,0.3870623456324059,0.2839372287927416,0.8437694305942026,-0.1751422005908097,0.6799810300813296,-1.2383439212163756,0.3413246184904811,3.91
EXEL,2026-04-10,0.14052377564239116,0.3740502673075899,0.09591557665555651,0.5068248025409645,-0.22697248860186153,0.25084571571043723,0.7823676036202876,-0.05678989972680493,0.0
GME,2026-04-10,-0.06356043276132417,0.3458289975247367,0.11833618703508338,0.3815545658744958,-0.20091565300709782,0.309604958969368,-0.3371613007463831,-0.11962104326213563,0.0
GOOG,2026-04-10,0.3070245328684318,0.28009944776008894,0.12962698490203242,0.9972570425513864,-0.36586608117089664,0.3495493408200813,1.9134670464728727,-0.22868215291470773,0.27
GRMN,2026-04-10,0.0053857114053201816,0.34102627282075726,0.24525571035172178,0.61574398568386,-0.3967313832541633,0.6029758635828744,0.07640411349967396,0.14194073050845657,1.64
HLIT,2026-04-10,-0.05782315541638361,0.3674872357426981,0.21345848711018922,0.5740869411210173,-0.24274633236629806,0.5457483373491328,-0.2600205515775188,0.1085096105780261,0.0
JOE,2026-04-10,0.4471775150519288,0.3294053104941831,0.180631939994225,0.5209395653727876,-0.3139172532756616,0.40044709139150525,2.295654564449504,-0.46259729508824854,0.94
KN,2026-04-10,0.21431618380079898,0.3498135143601392,0.2766714742548669,0.7627002230819595,-0.3486311240309399,0.7125567556122501,1.1694665394693453,0.017948731929554818,0.0
KRC,2026-04-10,-0.2803638721949955,0.28281338905774084,0.1891836089571243,0.7117965405684593,-0.2250295552525396,0.4572606971156783,-2.352745854421165,0.3313716603636284,7.79
MMSI,2026-04-10,-0.1731935388058944,0.2822785354708612,0.1886612805008983,0.5133157036628284,-0.19148379926510226,0.42995157134806544,-1.3688514109826524,0.1210021090899025,0.0
MNRO,2026-04-10,-0.001713087189341822,0.5465030082190466,0.22010095751527708,0.5949273685846898,-0.37873714261352115,0.5253954628034776,0.18887587749581236,-0.1590879107891816,6.71
NVR,2026-04-10,-0.11280261396223734,0.25393654149139067,0.2166893095465267,0.7160486193053869,-0.22808603324269813,0.4856737684239324,-0.9923320890041154,0.1537495492083838,0.0
PAG,2026-04-10,-0.052441504954135354,0.24472930531009454,0.24230704478977116,0.7123475931486237,-0.16607970578273384,0.5636676015330245,-0.4986390749410452,0.11792910155115,3.61
PNC,2026-04-10,0.18218048538764542,0.23927330867184657,0.2837307784378044,0.8744313741097504,-0.2874631670283919,0.6722575654625748,1.3505104604791918,-0.02800918508195227,3.05
PRGO,2026-04-10,-0.4833296216055677,0.5376896421262194,0.1439411545711498,0.7295031422832007,-0.5645564998185673,0.3489601869445819,-2.259288117560178,0.8176597589335339,10.94
RAL,2026-04-10,0.045459796039306166,0.5716652236423828,0.1767719145303182,0.7337794709236887,-0.5254325821975545,0.4610293094638402,0.4144209159519744,-0.1524918958587368,0.45
RCL,2026-04-10,-0.08748851798815094,0.5275706592022832,0.22059578517191633,0.7948239907256301,-0.2975770440442425,0.5261631868673845,-0.1761238051734714,-0.015563881006516511,1.54
SPXC,2026-04-10,0.16050979140496224,0.40953417988098056,0.21951463823106385,0.6930019187477204,-0.30820002802109586,0.5391918742041101,0.8289154524499793,-0.11254599963612388,0.0
USPH,2026-04-10,-0.12543232332661225,0.33422397793997305,0.1944997174387256,0.5399333705702589,-0.3857990722442837,0.4619680251699134,-0.7679339721819672,0.04273443551662648,2.35
VAL,2026-04-10,0.9446420927165984,0.7112243280029313,0.11086929051094742,0.7571957304089151,-0.4878154295894476,0.2847185054648446,2.1506900157255426,-0.6615322178979659,0.0
WEN,2026-04-10,-0.18768268050131198,0.44777023289728146,0.14822462818457363,0.5714257253871758,-0.3666986768523281,0.35080872224545656,-0.8148248061559665,0.12416564320196888,7.89
ABCB,2026-04-10,0.12256979840922533,0.26560082985141764,0.3056525916739723,0.8952695867399869,-0.18028915350659494,0.704626717400846,0.8486938586799203,0.05056124852114552,0.96
ALKS,2026-04-10,0.07775655192203668,0.4435468384303383,0.17025116776502672,0.5716447172851525,-0.21260333181372382,0.41520703406686826,0.45730828360411363,0.31021569628388157,0.0
BXP,2026-04-10,-0.24275381652595207,0.2797347007648389,0.2508956517367043,0.7834543276588211,-0.2229704808206853,0.5879314874331616,-2.014873679954258,0.3158357786798186,5.87
CB,2026-04-10,0.1602751148554573,0.18568347395776585,0.07848601625310232,0.7041786254499829,-0.37999977472842544,0.11897861885437322,1.474932653313951,-0.11139948302819436,1.17
CBOE,2026-04-10,0.22498226837259616,0.2229761521269803,0.006420886586440667,0.5513294731659751,-0.32108337955707483,-0.023067465398623956,1.7538037283413879,-0.13941790298712753,0.95
CNP,2026-04-10,0.13742607929991602,0.148647402835844,0.041976940076297986,0.7928471843497434,-0.3246636911302017,0.03722913801201857,1.5316526219338076,-0.08427269643089541,2.08
CPRX,2026-04-10,0.20533139679118362,0.32579119987506844,0.18196219661824573,0.5340385486594458,-0.17122300819297118,0.42913020783209804,1.1862228359636429,-0.14844631697650046,0.0
DOCN,2026-04-10,1.0285785844019597,0.6917939964554775,0.13403718632200404,0.4723960216542624,-0.3146498708545431,0.38170853457280046,2.34096336612422,-0.47205671073965205,0.0
FDX,2026-04-10,0.5955697144264325,0.25884856517982563,0.2562709642858295,0.6263730253128209,-0.22696313245506627,0.6113835934819691,3.607072119041939,-0.40579151466725516,1.54
GDEN,2026-04-10,0.3087436768937959,0.5396222454022158,0.04373517879068909,0.7901238503115333,-0.5287306161081505,0.07856596660226098,1.1550172303046835,-0.27510750602112155,3.58
HAE,2026-04-10,0.14237286485353318,0.549892128808608,0.017643631223725784,0.7901238503115333,-0.5012854015009136,0.02590261125285268,0.6508717652733037,-0.3063438220423863,0.0
LMAT,2026-04-10,0.31377038218257347,0.4178348580958042,0.14324583598505847,0.5986265039456793,-0.4512924922087541,0.32333640387180157,1.4032024338763611,-0.1970595446687745,0.89
LNTH,2026-04-10,0.531589975158959,0.3584862985169193,0.12161723756217278,0.40922500753783647,-0.2593750590223116,0.30164386042417074,2.4571697014064604,-0.5091154975197824,0.0
MCD,2026-04-10,0.05596778976174566,0.16814829188664338,0.12856154871754508,0.5897366420820987,-0.29296853823513924,0.25653985647900046,0.48066791619366933,-0.17602666906724562,2.4
META,2026-04-10,-0.1440631177714644,0.386600860210289,0.16759540773404963,0.5140601958988099,-0.3015491561217653,0.4292567703573591,-0.7293159457892914,0.05480337734288565,0.33
MTG,2026-04-10,0.04848693033000817,0.24711004842171305,0.16141228290396578,0.8859323689113129,-0.21004041605211665,0.34067681887755225,0.3365431249883214,0.08784570365683242,2.16
NCLH,2026-04-10,-0.14662948824748978,0.5984917585985352,0.21669233581876501,0.8485989193135642,-0.3258228737590613,0.536970711120872,-0.3068981475604615,0.045930344402188794,0.0
NEE,2026-04-10,0.14719757555847512,0.19333567076272978,0.11610641190066777,0.599255293641771,-0.27874837290153043,0.2534398874971771,1.3064459567776239,-0.07818796863617516,2.64
OPCH,2026-04-10,0.09309704889032866,0.3315051033587532,0.12217669410541741,0.47535106315864983,-0.21925652780830224,0.28585698057293535,0.5761963622540635,-0.14156890453373205,0.0
OUT,2026-04-10,0.724354055476967,0.3459699925802303,0.22581211288627234,0.7297000303225557,-0.1819437036696229,0.5056228528766638,3.2232012814291053,-0.43478692407361963,4.09
PLUS,2026-04-10,0.12335981474305369,0.34904020467629077,0.23244192461530533,0.6800361119605082,-0.2123293628102134,0.550776151934018,0.715500487511624,-0.026542615087179033,1.22
PLXS,2026-04-10,0.5470967576135399,0.44287977441951876,0.23474672008060268,0.8021450887649432,-0.3192216162399987,0.5979795436445847,2.1121942750098666,-0.15339574641904352,0.0
POWL,2026-04-10,1.2583211416657827,0.6406424328292215,0.15205147614681389,0.6108593478756612,-0.3978983282012129,0.40377833512220135,2.8197681313077303,-0.26020949540755867,0.16
PRKS,2026-04-10,-0.287175593568763,0.5716904091133362,0.23610987128203764,0.705799581749745,-0.40509706193737244,0.5711043846256619,-0.9655632323611387,0.5568797112375403,0.0
SIG,2026-04-10,-0.03391057381227547,0.49889618288043297,0.23123975837135208,0.6041294569571266,-0.24035203703458946,0.5682552268960492,0.019154806246002107,0.18186156697276035,1.5
TREX,2026-04-10,-0.253000612866089,0.5603231284532025,0.16295398795875088,0.7295031422832007,-0.6796944234976322,0.3818125581587993,-0.8018936283184188,0.26728917074305025,0.0
TRUP,2026-04-10,-0.41189686639031464,0.42080355676441644,0.08937152704812093,0.5153551494609628,-0.27894742142060125,0.21515001577757767,-2.426558971380963,0.42798915217845557,0.0
VTR,2026-04-10,0.2705440824334606,0.18725877916248823,0.026244825562257497,0.7446400745557348,-0.3944037936849548,0.023800159147480886,2.442504511727537,-0.2531674344471283,2.45
WDC,2026-04-10,1.886154652438511,0.7884066223928725,0.10848275977802915,0.8871204324482357,-0.3778413462816579,0.3308556096669481,3.052835231216435,-0.6549945078976485,0.15
ZBRA,2026-04-10,-0.26053415105746225,0.4387670604603269,0.2579649283777621,0.6350172361563956,-0.30428454037882896,0.6387579810316327,-1.261839043964439,0.3305522386438826,0.0
ADC,2026-04-10,0.13246658526256017,0.16246424004206503,0.0373596989552494,0.6799655383332102,-0.3407142447567683,0.022041570187183494,1.3603466436294005,-0.1611884180512031,3.99
ADI,2026-04-10,0.480853554424423,0.3207013657185194,0.27355428531649495,0.7960231077799222,-0.25204781277304456,0.6879311696980909,2.495990205227432,-0.22360965347838224,1.16
ADSK,2026-04-10,-0.300995784459677,0.32393207861611617,0.13953902015569886,0.7061541916721454,-0.31377066279201216,0.3537196178737134,-2.195640018636233,0.04443228108766861,0.0
AEIS,2026-04-10,1.1159529364328922,0.5699832721625003,0.20089357278152853,0.8006778458395485,-0.35605735797871546,0.5380979100861812,2.8609768513253595,-0.41373571188488156,0.11
AMSF,2026-04-10,-0.15289555834492796,0.2594954529666419,0.10400290132407085,0.5603230811830452,-0.28695136239467883,0.19437101878065677,-1.3235352023294864,0.1867453650085621,4.66
BCPC,2026-04-10,0.251486926872623,0.21979538424002884,0.16290412857443934,0.5521207417759388,-0.2695126612466434,0.33867394563633957,1.9720188277180355,-0.19186825323425083,0.55
CVNA,2026-04-10,-0.06863314595688919,0.6714695916635599,0.18390684350403907,0.5262382793755276,-0.3719893210113452,0.4938113353098933,0.0608850399681104,0.1500323082155849,0.0
DPZ,2026-04-10,-0.08193988623478599,0.2614200762783069,0.11955355810316416,0.4336521125787484,-0.2089522962088592,0.25901036657647014,-0.6939502810236918,-0.04117435743421738,2.13
ELAN,2026-04-10,0.16342803869057243,0.36556833897250113,0.2009026998191272,0.5137003518764943,-0.23715197340043803,0.4884829290090126,0.898584677618381,-0.17381913006082683,0.0
ESNT,2026-04-10,0.048657399253626776,0.22033879962089484,0.14788856418412674,0.8720446461725083,-0.27350009918927237,0.3014482181375685,0.3502129501776138,0.08637209404784074,2.28
FFIN,2026-04-10,-0.06427827224990035,0.2740886114228014,0.285255119923624,0.8622075805826276,-0.2272049610816696,0.6553476713088618,-0.5080346560170841,0.14902456973501954,2.4
HRMY,2026-04-10,0.085884958106349,0.43197401151279785,0.14026671628001572,0.47136405390268643,-0.2806829860791572,0.3442528139574789,0.5035446469030358,-0.10190761914072,0.0
HWKN,2026-04-10,-0.1293062722288285,0.410529443853668,0.19130755450028275,0.5595083949743467,-0.21385276584256754,0.47499524898357953,-0.5780633287434416,0.11533813502829349,0.51
HWM,2026-04-10,0.34813914721987493,0.3169313126547609,0.18434947033995733,0.7825529918146048,-0.2777525437150829,0.4662326815772368,1.9226614667773292,-0.2886041155846806,0.18
JBTM,2026-04-10,-0.08188628133717557,0.38446175975747265,0.24494620858559188,0.5892072185588328,-0.19815926740416215,0.5784574788927328,-0.3730069606360855,-0.12103079800324834,0.31
LULU,2026-04-10,-0.0519944041723307,0.4142999736800141,0.22114508208550276,0.5608079366827956,-0.22969290329981262,0.5349363722617476,-0.1585145075088662,0.046629521152980025,0.0
LYB,2026-04-10,0.6216311476714347,0.4846432163492669,0.08344685924097371,0.8663221901211126,-0.27807456719844975,0.19764862767864128,2.164034388579727,-0.31413614174757787,6.64
LZ,2026-04-10,-0.4568528225950901,0.5261752248642737,0.1074101237325211,0.6049443474863957,-0.3791707340589601,0.2812081884745366,-2.141281575678558,0.23096805308162183,0.0
MRP,2026-04-10,-0.010864607832191564,0.2837978710472609,0.2578303653684369,0.6733549835788949,-0.22477677594497275,0.6076270225526118,-0.08856479421709033,0.11248485051249013,10.16
NVDA,2026-04-10,-0.020066912425363848,0.36732481773052017,0.09164229555522879,0.6449541013303657,-0.4345345135064794,0.29478011985374375,-0.046379614462812226,0.025118774150243106,0.02
OGE,2026-04-10,0.12134232925327537,0.14652061735256666,0.11363544286808663,0.7997096316384676,-0.26013630248968006,0.2088587579821193,1.3557104076669138,0.016358764793315328,3.41
PYPL,2026-04-10,-0.39971201623669084,0.442028616041134,0.1525995250285848,0.6276810311390311,-0.4050545053635985,0.38763015077450924,-2.1860107945093383,0.45109917576520575,1.22
RJF,2026-04-10,-0.10938163233246334,0.26293262260578976,0.244316640763933,0.7705376160045139,-0.2955663456092795,0.6015343654226304,-0.9188531980989517,0.06759273047392877,1.46
SAFT,2026-04-10,0.10521679880888479,0.2004380774936828,0.09324415606308963,0.6231302749990368,-0.3227692915608662,0.14850149567065138,0.8914014600440926,-0.027138774670385613,4.87
SAM,2026-04-10,0.15939831037902819,0.3482917831113901,0.14538132866920442,0.5638340948626659,-0.2069365256257771,0.3439770569048568,0.906141098103331,0.08064842409032391,0.0
TCBI,2026-04-10,0.17555819869902245,0.3246970956033895,0.29409512611200334,0.8825413283114578,-0.2552991138092845,0.7012720612872955,1.035710353018287,0.006335372661759098,0.0
V,2026-04-10,-0.118319911085777,0.21870577233464064,0.18729431183198994,0.8873498597971764,-0.22753717536562934,0.4272687119383398,-1.248154336459767,0.09014646696959683,0.87
VICI,2026-04-10,-0.06281224794615259,0.16931736049753868,0.13280863518905842,0.6669333040538371,-0.2078751499381479,0.26089924626720273,-0.9417671025517556,0.07224173446076088,6.35
VRTS,2026-04-10,-0.28460986174245906,0.35798547118339064,0.22763833742106532,0.6044775726403033,-0.1734776437155771,0.5297384277448285,-1.8245224467042558,0.34940002495079536,7.07
VYX,2026-04-10,-0.4557446824743393,0.48406087498243466,0.22497258378631432,0.5773666559415502,-0.23009198011476287,0.5450454674025706,-2.3713652735080966,0.38833637246885144,0.0
AAMI,2026-04-10,0.38037690513550926,0.3773714555889445,0.24912655795001554,0.635763488300095,-0.3040925385478817,0.618691389049594,1.798996863436423,0.04487983514471383,0.65
AL,2026-04-10,,0.019788182085122404,0.09634331609254639,0.3720093100627139,-0.21843104243214115,0.2474518101682728,0.7989434721746059,-0.02190239543142447,1.35
AMR,2026-04-10,0.17089697692992156,0.5610974029173681,0.07920527149391983,0.7079197442901103,-0.20917865114100087,0.22422224497873233,0.7671766928573378,-0.11734257427273176,0.0
CASY,2026-04-10,0.3373256428603624,0.2500299420645006,0.11514254617326806,0.4289062113614465,-0.21910523496802314,0.2614644745160116,2.298217096968941,-0.15186399901856862,0.3
CBRE,2026-04-10,-0.07549527258795596,0.34172257258338523,0.23816365277471477,0.9228809208547354,-0.23825515818312865,0.5686763948205386,-0.4148435026291934,0.17759018096062618,0.0
CCS,2026-04-10,0.023460250591191167,0.40781371425462076,0.2610167900713464,0.8634822145984117,-0.15493083783380054,0.5952653692565542,0.2072049684144522,-0.011849414551019066,1.96
CHH,2026-04-10,0.13507612620612552,0.3530567172108951,0.23723175739753213,0.7344681491148053,-0.13800033571650053,0.5456596827668417,0.7763049047595426,0.13107847873514256,1.02
CNXN,2026-04-10,0.04459743416241113,0.27313202538838177,0.22966019230256382,0.5855927335538615,-0.22038425627355604,0.5355976313432947,0.29871798213454154,0.014678271179693225,1.28
CRK,2026-04-10,-0.10212337652381775,0.5994022895243483,0.038137447599046914,0.7150794206493711,-0.20152112658201468,0.09579665261211853,-0.13322931979047214,-0.2066823081133934,0.0
CRL,2026-04-10,0.012199408103645615,0.4350652092299103,0.2333564674298608,0.6727845043360767,-0.28571605750328694,0.5842232309831463,0.17594888519593735,0.027393932969840495,0.0
CRWD,2026-04-10,-0.2598157592572923,0.4524458050550384,0.09316223110573421,0.7625282193142321,-0.4106356165620086,0.27500811866915986,-1.205776734344591,-0.04486622019404585,0.0
CVSA,2026-04-10,-0.2227174353586926,0.5639218327425991,0.07737139435705888,0.659672675305785,-0.5185710206390015,0.1825165887445019,-0.649911985593901,0.36543148179417373,0.0
FBNC,2026-04-10,0.16939587878602613,0.29801033630712587,0.28810366183036346,0.8757289825450774,-0.18983330492233527,0.6637331740111923,1.063941139687689,-0.030890516837854043,1.62
HAYW,2026-04-10,-0.04816517688908439,0.32317867331245165,0.22076092688992122,0.6813142429266762,-0.4384494541577697,0.5428020707559176,-0.28444497116892986,0.028724036443446677,0.0
KMI,2026-04-10,0.2166696886301842,0.19991451606456864,0.0496491232352478,0.8060744666635048,-0.22516085839550842,0.09780829157114447,1.8634711798885584,-0.2208434036590906,3.55
MC,2026-04-10,-0.030932161103600753,0.38224752602892054,0.30619835914795973,0.8923400507859411,-0.29484378139754347,0.7452126768386671,-0.08700808094421603,0.2606419173429302,4.14
MGM,2026-04-10,0.133590107320539,0.38977137271859963,0.2659986262317529,0.6677422682497194,-0.20076052707674485,0.6429256896854697,0.7304155431555233,-0.12516467930374442,0.0
OKE,2026-04-10,0.2529124743538991,0.2657884628483278,0.04314341578903258,0.673995285765947,-0.25690726590444973,0.08693031278105887,1.6822197470010258,-0.21471505409022273,4.97
OXY,2026-04-10,0.325201562431944,0.34462747981895,0.03530436739768837,0.7659255434618448,-0.22487745965377712,0.07587528610801185,1.6936907684537654,-0.2010622780973701,1.78
PBI,2026-04-10,0.011458511924350212,0.3492021777662216,0.21255087609288062,0.5855308382297899,-0.2614040633289134,0.5204011705023133,0.11794728579789115,0.14769801831898488,3.16
RHP,2026-04-10,0.15427542075523193,0.2435046626232194,0.2887589247045631,0.7858860856671773,-0.1292121509890034,0.6681970792542239,1.1324706726274265,-0.027779352819412018,4.78
SFM,2026-04-10,-0.2679481409428127,0.5258435603160538,0.019704025249433512,0.5339542137058805,-0.5510475099993638,0.05436687205801547,-0.9877516357730902,0.269271817585102,0.0
SLVM,2026-04-10,0.028238341270098832,0.3828050138217456,0.16938138172678133,0.5438923756590833,-0.20722901894748466,0.37866014083916083,0.22310667047265337,-0.09273117019898847,4.31
SRE,2026-04-10,0.1061299284743158,0.18771945962635586,0.1368362207340907,0.6916120978281243,-0.175919341572321,0.300075454147625,0.9483272378832561,0.056058587355423684,2.64
SRPT,2026-04-10,-0.08127968996883839,0.9638538000322113,0.11452424318478069,0.4654569076531051,-0.26349070990734536,0.3236810117861701,0.2693270744227979,0.3637258060514216,0.0
TNC,2026-04-10,-0.029352218311199496,0.42582140387419365,0.13867197189884786,0.6859757788466245,-0.3248858305016808,0.33451543889073226,-0.006444634030951975,0.35566140337572005,1.61
VNOM,2026-04-10,0.22559350883757312,0.2811357607515699,0.07650905486041125,0.7210516846906777,-0.1935725912634034,0.19614177886792855,1.4467651432095006,-0.15820926467674457,4.91
VSTS,2026-04-10,0.721442995309604,0.5718258072245567,0.17018980169103273,0.4489815376851864,-0.1970653400512161,0.4013573419122992,2.123545135820124,-0.33645472351561323,1.75
WBD,2026-04-10,0.5585738990728688,0.30596562511722036,0.10033966670036314,0.4272360444932165,-0.23892269919000833,0.25993035825695476,2.9364084040229,-0.48540227191884255,0.0
WRLD,2026-04-10,-0.18134598909596267,0.561676880370248,0.1875956319541702,0.5149196646593183,-0.1666910855380404,0.4332372189678781,-0.5039954384918182,0.25865728209297645,0.0
AMPH,2026-04-10,-0.1720064154746247,0.5202054305178392,0.1529199446332986,0.5405765201824493,-0.274332364413136,0.3708189670991532,-0.5355286668241234,0.32072890785191144,0.0
ARI,2026-04-10,0.17214461787063073,0.2096859629119976,0.24272576306533866,0.6962907621190628,-0.14264919755145028,0.5494406517931192,1.4263318231079056,-0.05396551453403209,9.23
ARW,2026-04-10,0.3408030726365521,0.3408200039817145,0.2544607820586222,0.784486561025859,-0.2357380576190555,0.6290588650395428,1.7756030469894002,-0.09978883839161501,0.0
AXP,2026-04-10,-0.025226662050104376,0.29773102632122933,0.2678805267322341,0.8028986761533976,-0.28469935283238484,0.6323651579152513,-0.16823488353338759,0.06383915842365306,1.2
AZO,2026-04-10,-0.12379769844625643,0.2815693175485995,0.0763946397553078,0.7974186034675497,-0.36045026741850295,0.15847701687896854,-0.9572390572596428,-0.013276054267928994,0.0
BBY,2026-04-10,-0.1308526964065473,0.35284950379744434,0.2102776352165436,0.5340827331115084,-0.2862207450471093,0.5082473875346091,-0.7495975801635999,0.1582195022175571,5.95
CSW,2026-04-10,0.20885501568777398,0.41376787273990445,0.2427961149085018,0.6062588984402256,-0.2275899800820211,0.5925480038667209,1.026196531132099,-0.06723981402697177,0.39
DCH,2026-04-10,0.03866428611234829,0.5981677222466126,0.23543272352203223,0.633152118914832,-0.20402590434171508,0.576729233936366,0.35338656549058695,0.030494153571072435,0.0
DNOW,2026-04-10,-0.1684819263780286,0.45638138068379,0.15390427172557553,0.5986504111545176,-0.2946871912707137,0.3887074202733967,-0.6684682353487369,0.23413729053956545,0.0
EHC,2026-04-10,-0.12484355452087637,0.2740963262880833,0.1314944711177931,0.574247915171268,-0.21548275676199674,0.295831589248331,-1.0016375222032776,0.25707235836666753,0.7
EWBC,2026-04-10,0.11741316262488977,0.2942217604508267,0.30286061320102,0.8792569101559676,-0.220551330808379,0.7107738690892069,0.7621193333276387,0.05456947028650361,2.74
FSS,2026-04-10,-0.016976132900523577,0.3058423788139607,0.21694313644805138,0.725257117376333,-0.33691306272858296,0.5541128235218907,-0.09897978324634757,0.08675317040368358,0.52
GLW,2026-04-10,0.9825506430363284,0.5973283012631596,0.15072832956649865,0.7533346884415305,-0.39525084102233976,0.4001947112683164,2.5368852228158687,-0.19489624509780057,0.66
HON,2026-04-10,0.23431621083500587,0.2384435368284438,0.2308737853134466,0.6117863621640364,-0.22362520873021505,0.5390485962322271,1.7181750684421304,-0.2570071507200977,2.02
HPE,2026-04-10,-0.04817181537327897,0.43844937294574154,0.22997812838077028,0.6491156028986763,-0.2595762128789509,0.5801751574736272,-0.10517802110213346,0.3202477888119011,2.3
INSP,2026-04-10,-0.3253057136682689,0.8188763306924676,0.09319196362234497,0.4841518865432248,-0.24851755864375585,0.23641504690870693,-0.6261657891005791,0.04341314446076239,0.0
IRDM,2026-04-10,0.7282932108175215,0.6227527564284597,0.10568518710981815,0.5224742972452431,-0.23914423294967196,0.26958361421401766,2.0020989581435926,0.027312855917476675,1.73
J,2026-04-10,-0.20043244374867064,0.3551621559509738,0.2317839188245427,0.7287882597266485,-0.3054286461490899,0.5771339071472368,-1.2106504279543302,0.05334116946295664,1.13
LDOS,2026-04-10,-0.2016833611728729,0.3325470076476128,0.12564188280863417,0.6135873091869004,-0.28226743223462347,0.31257474850917233,-1.3254317259853654,-0.027995232472553977,1.07
MAT,2026-04-10,-0.196961351321703,0.47826773882787477,0.15681207577338477,0.5947201266152147,-0.4126722400593344,0.38450073131391427,-0.7498122001002222,-0.04341104661343831,0.0
NBIX,2026-04-10,-0.06254064841312779,0.32165994458013514,0.13358858068458532,0.41790731669383646,-0.26272047122754244,0.3457863525939809,-0.37659721225355447,0.046933886645532996,0.0
NDSN,2026-04-10,0.18944130455679353,0.20086145418292836,0.3279496871682913,0.7652334813449486,-0.20709404611289872,0.7867461345099998,1.627585458215224,-0.15331834274123746,1.19
PEN,2026-04-10,0.26064490052103695,0.38531717902769325,0.03467279845684229,0.5680408598081583,-0.39903618626678766,0.0661384198263887,1.2823076841835925,-0.3053895664199858,0.0
PNW,2026-04-10,0.16618895881218854,0.15252822340192337,0.05048297039630319,0.772696889795818,-0.31746365729605297,0.04603712729755709,1.8267730561872175,-0.07796141848821891,3.48
ROP,2026-04-10,-0.3292854397024654,0.2846411482880603,0.12023513479908204,0.5806490911345451,-0.31154663850367803,0.2848309025313187,-2.8306859858411153,0.34960901028230096,1.04
RRX,2026-04-10,0.4506999190298442,0.5021168162745739,0.26587113805420026,0.8189977636397792,-0.31445613449251664,0.6477826041586813,1.657006206393039,-0.32746521020012587,0.67
SCHL,2026-04-10,0.3785077516791966,0.334489659060526,0.12984441805572136,0.36813219551476756,-0.28407329479620047,0.3148956800470582,1.973771994386957,-0.04917648272648267,2.03
VMC,2026-04-10,-0.024026867380630645,0.2825103781502569,0.19936899963417656,0.8613309261462461,-0.3305739297360298,0.47168637666904883,-0.18432952770280406,0.21075870385450612,0.71
WHD,2026-04-10,0.5194529097285254,0.41463820436018434,0.18149061824312746,0.6088622034748523,-0.2592001924473716,0.45768513523332327,2.1416531254121476,-0.2244600071270807,1.04
AAON,2026-04-10,-0.0915013925672079,0.4873452824704784,0.21274036336089502,0.6565805878776031,-0.2717489917349947,0.5315768828903135,-0.2424265340855169,0.07139077271200245,0.44
AMGN,2026-04-10,0.21267316771472045,0.2878435255891905,0.1644104384180481,0.573769477656306,-0.23600203264984645,0.3861455427474082,1.342565417158939,-0.3425323988869451,2.83
AMRX,2026-04-10,0.22254615843950343,0.32696596961986163,0.18325393774444232,0.53108798798216,-0.2531961257323738,0.43419647317728227,1.2700354013606587,-0.2365942546497779,0.0
APP,2026-04-10,-0.35747601859888567,0.7781483020161818,0.07657949936487056,0.5824334702934021,-0.4074021942310904,0.252064429886259,-0.7988646974775132,-0.038464900864367935,0.0
ARLO,2026-04-10,-0.2541787149351551,0.6006705533468026,0.11374285115812412,0.6400980312545687,-0.40623930861415847,0.3059746637343281,-0.7716745263294051,0.06598250970405517,0.0
AUB,2026-04-10,0.076401399618796,0.32331232815723343,0.3079755315265593,0.9091805966573002,-0.23312263764848784,0.7175399731871569,0.4870938086118891,0.0780637798225502,3.66
AWI,2026-04-10,-0.09382791013800573,0.2652054102502796,0.2203051806726828,0.6859757788466245,-0.25050627244827345,0.5217787426742843,-0.7766808708165299,0.1794418010334865,0.74
BBT,2026-04-10,0.3546051795107017,0.2985335195609492,0.28316305312517154,0.815221061763458,-0.1898748636968548,0.6504406428986566,2.0560521517695363,-0.1173562814583875,3.99
BOH,2026-04-10,0.23581588800089048,0.2622001955468846,0.2838618234973066,0.84906206964529,-0.21646974556975893,0.6567322319086103,1.595314648254604,-0.10806574181645967,3.52
CBU,2026-04-10,0.10915967317866193,0.24451724808854955,0.2812887787788531,0.8827253593930254,-0.21632897843917379,0.6429202936611209,0.799974558447606,0.05490970125261596,2.99
COHR,2026-04-10,1.4846751433699499,0.7951949236346096,0.10550593816471668,0.7525793150480709,-0.37388826691649074,0.3177304957699802,2.6531887957161944,-0.620101626831389,0.0
CPRT,2026-04-10,-0.25942322887264957,0.2621115312238005,0.17508054412291654,0.5876340332088471,-0.24553910706973234,0.407344626990745,-2.3393877609248483,0.11586594849559473,0.0
DAR,2026-04-10,0.971929790832303,0.36080611061218876,0.15550591518236112,0.5342085123810006,-0.2635111374410174,0.38137849966110327,3.8607980630426155,-0.49087449776771575,0.0
EL,2026-04-10,-0.22878012643094825,0.520504948586162,0.16996360017612422,0.5351302589367737,-0.3878285886147928,0.4280725262976622,-0.8165103563125078,-0.2539517369303613,1.91
FR,2026-04-10,0.20151446221363778,0.18795795223716927,0.2198547411705752,0.8212489220311185,-0.24954868772051314,0.504438415405374,1.834709577604675,-0.18518017992415747,3.31
GIII,2026-04-10,0.13693077452952318,0.3513519832849903,0.2650202858880884,0.6336424795114822,-0.22810733253778653,0.6285444470598376,0.7912860981183514,-0.13110247699660882,1.34
GPK,2026-04-10,-0.46461711735121125,0.4715273965882327,0.17879345476868375,0.5858490517512901,-0.22952225131788626,0.41047913117641904,-2.5167377649542364,0.4579195787569894,4.56
HLT,2026-04-10,0.23800304929434124,0.24517640368201776,0.2608236942348782,0.8388154501322175,-0.17816136478997366,0.593105287372362,1.7026263050190535,-0.06054100111438532,0.19
INTC,2026-04-10,0.66335982193235,0.6852201761167105,0.15011557244543822,0.5954318240543872,-0.2863121766229026,0.4129569425812932,1.776845456244423,-0.0331526352183672,0.0
KGS,2026-04-10,0.7645439805494711,0.34294209903936357,0.1425083945199424,0.7434110124664991,-0.38390613691889897,0.3291205332074095,3.3884372120785757,-0.4572476078370592,3.11
LITE,2026-04-10,4.692977222321501,1.0259146451834684,0.10059404090119374,0.7525793150480709,-0.3245877687966544,0.29855335304269903,3.903443290829727,-1.3037628390148717,0.0
REGN,2026-04-10,0.3135208848801623,0.3314885399934765,0.10565506681421573,0.4715365123565141,-0.22704347520260407,0.244629059063844,1.6916650659319614,-0.3670008473861367,0.49
REXR,2026-04-10,-0.15125447186425622,0.24461662327572326,0.2453371951310963,0.6436719022104354,-0.17639746175161364,0.5721911822431129,-1.4043460061048887,0.11659590237869322,5.08
ROL,2026-04-10,-0.025295709634619135,0.2652909533371514,0.1303913084526512,0.6248235247102442,-0.5507785333125638,0.2744059939759781,-0.2224669866311864,-0.03407198884332607,1.31
SMCI,2026-04-10,-0.573387361061757,0.8181766627598248,0.17651153963324767,0.5047965138987224,-0.22775333837281503,0.45443902213722603,-1.7018280437434041,0.34911268023250164,0.0
TTMI,2026-04-10,1.1330501872286067,0.8243004936619397,0.14618569931549139,0.7205441560654579,-0.3636024235612536,0.41301000411763067,2.209831103482998,-0.38334458318280706,0.0
UCTT,2026-04-10,1.7076452227558598,0.7689848494484869,0.2117388238445193,0.7691735473172169,-0.28351530381622336,0.5573034515654459,2.9447415901172476,-0.543523561578662,0.0
UFPI,2026-04-10,0.06459345869790334,0.26454784615064053,0.27664395102350203,0.8144148148565472,-0.17326909833524132,0.6325954035690988,0.4445518501508581,0.023787865964148946,1.52
UTL,2026-04-10,0.16245321048551742,0.19598782348009278,0.0976012218408331,0.6705601231808304,-0.2824259315882952,0.1647570340856469,1.4274451236970895,-0.057717775207159594,3.31
XHR,2026-04-10,0.26876257047710106,0.27804298739127525,0.2791503287294458,0.8190797771214394,-0.15600982278467843,0.6424009611706419,1.710442639697357,-0.10188674125725539,3.59
AAP,2026-04-10,0.1244683334505916,0.5220674797926925,0.20925599514785723,0.5564409061356831,-0.2291207568858874,0.49280909517676896,0.6277519889107401,-0.06683467646226149,1.77
ADBE,2026-04-10,-0.3510806834103628,0.3335291198842405,0.11850550601225918,0.7271804670200586,-0.303829415365079,0.2823418936095542,-2.5705103522920827,0.029251684676634082,0.0
AIZ,2026-04-10,0.010557389856074018,0.23328464289950587,0.17276984748022411,0.6299506729084814,-0.3157393790768761,0.3701799275122275,0.02427714237154252,0.0008181489219809546,1.5
AOSL,2026-04-10,-0.09683098721612993,0.6746331128161838,0.2045620845930012,0.6825312285689819,-0.46351352667948054,0.5303197334575459,-0.00976840020906574,0.34756132988908794,0.0
BJRI,2026-04-10,0.22790099689772303,0.4607307612507516,0.2031560773687323,0.5844280777972158,-0.33607332446004246,0.5000249373331093,1.0263895615470515,-0.08786445514423513,0.0
BL,2026-04-10,-0.39369296301059975,0.4541848687763205,0.10818340726708815,0.6961276736776142,-0.34462490991073075,0.29988877234400174,-2.081832347496615,0.13518083539251413,0.0
CE,2026-04-10,0.4996346094193673,0.5852915604997818,0.17726763331049988,0.7382831537641135,-0.24407019252510526,0.41589670487720404,1.6073694560467628,-0.05316517664648257,0.19
CNO,2026-04-10,0.05696438899478129,0.24168518607810768,0.2539328175770199,0.7261414368347195,-0.1578764400501466,0.5758331656030392,0.40411363781699006,0.03684649786346372,1.61
COP,2026-04-10,0.35396504026479736,0.3014173094994797,0.06982116996438664,0.8245712537823054,-0.23806162416985932,0.16087201226259765,2.0358183033074835,-0.22897936258759966,2.72
CWST,2026-04-10,-0.02874406910809557,0.3509663275500865,0.13853926713632359,0.50755637338714,-0.18205409211677417,0.30983660999476326,-0.11529160456036623,-0.014943201733610856,0.0
EW,2026-04-10,0.03650744817207063,0.25116914354902087,0.12284612817792304,0.4708097035255846,-0.20146883733605805,0.29754545911515934,0.2407399196662932,-0.2218688109660263,0.0
EXPO,2026-04-10,0.012278195950325754,0.3440545590622639,0.1763796433760039,0.5544374480166412,-0.3411351744615656,0.4382379849923409,0.11406899310409178,-0.16900986413356167,1.82
GBX,2026-04-10,0.15692307902352853,0.3480175539648381,0.19651248536825833,0.590193683729709,-0.2168795912858074,0.44626026272017555,0.896197129615889,-0.23147749513022686,2.54
GTES,2026-04-10,0.006326605046260481,0.4288668196851747,0.2776336281598967,0.7394001837323187,-0.377876692538413,0.6659514871361546,0.14401138092551116,0.10408388128599078,0.0
HOLX,2026-04-10,,0.0958856866944103,0.04156093191932827,0.3229046123781878,-0.3375132943129737,0.09914488620600505,1.8028708642632845,-0.09733715168750456,0.0
LHX,2026-04-10,0.2071665394295894,0.2828339626220176,0.14718959054579364,0.6708770666555556,-0.2606191885380915,0.35411815545333847,1.3309297364985841,-0.24216371831651917,1.4
LNC,2026-04-10,-0.1335164376836684,0.3575368494287881,0.2498288328287381,0.7614677919244122,-0.3080270457005693,0.6091217869349631,-0.7475043192491652,0.1612667811635613,5.16
LOPE,2026-04-10,-0.19946856659967538,0.33789619982566504,0.141693759015904,0.7181098707752929,-0.34019475979875363,0.3200268178372213,-1.2823044701658346,0.24822331314479962,0.0
LUV,2026-04-10,0.2629406591911694,0.49300552340405535,0.23202044280219367,0.6958051799715439,-0.32409337067073674,0.5522621462925762,1.1054999433236918,-0.3689839093047923,1.79
MATX,2026-04-10,0.8387369554359776,0.38710467035272883,0.2579504458420354,0.626341660378902,-0.26637965595768315,0.6403227559913381,3.2559612309965797,-0.41558901835090256,0.84
MP,2026-04-10,-0.2279015365910675,0.8285144129215443,0.10301020500957628,0.5454729258678418,-0.3375132943129737,0.28746449751028147,-0.27572365597328563,-0.07523776843403196,0.0
PDFS,2026-04-10,0.4535103864360659,0.4985105059752033,0.18640230440779404,0.760448794314845,-0.3667485390356747,0.5160226190470327,1.6756040723918644,-0.13848782227254863,0.0
PH,2026-04-10,0.33916013289499536,0.2688095426884537,0.24071809181369158,0.7032703143872432,-0.3092761331612329,0.5835060467836539,2.164745022292644,-0.20594079382009722,0.73
RL,2026-04-10,0.1792687591165707,0.3293424540689877,0.2844488878452034,0.6633376974701696,-0.18805540201936347,0.6933762385912322,1.0423238188561479,0.05335836527506377,0.95
STAG,2026-04-10,0.06556333790440938,0.18399885350819642,0.2173492214312278,0.7397859776343978,-0.16535013098124174,0.48513502958483334,0.5537732899302554,-0.06199428898614123,4.09
VC,2026-04-10,-0.14426099607032228,0.378356207851983,0.21415877493873542,0.576416508202868,-0.18398901085536215,0.5084000717494921,-0.7539413575273719,0.22782231707153988,1.55
VSH,2026-04-10,0.4177569724143173,0.517099166055485,0.2536314294561701,0.7319533419066399,-0.26392950626714784,0.6489796952269128,1.5336904315177882,0.10610438983233483,1.88
WCC,2026-04-10,0.3670295926355567,0.4292511834944996,0.25141300444346915,0.6979861939857916,-0.2840917403525714,0.6327792429728311,1.5813472041412286,-0.07232550686648342,0.67
WM,2026-04-10,0.06753370280001403,0.19739452523435527,0.07073808822269549,0.7916531755820219,-0.35177237658075045,0.11624298837130786,0.5482625985709154,-0.11724227916305163,1.47
ATO,2026-04-10,0.1088903934667016,0.14559461102293625,0.08140010065600446,0.7477277618341587,-0.2872096440148548,0.11639229586164888,1.2087333498312227,-0.02698054730873345,2.08
BMRN,2026-04-10,0.01532034886381517,0.37392233177102574,0.09635866707405837,0.36237982513127387,-0.4790796479244833,0.2491862564629856,0.1436533346897733,-0.23710494050810782,0.0
CURB,2026-04-10,0.23318485510011877,0.18772044040131125,0.12708910840885818,0.605016460851959,-0.20942963845518983,0.264918031015422,2.1162909232791973,-0.15649588587975405,2.49
CVX,2026-04-10,0.2627235676755435,0.23086391398279882,0.018385703911349756,0.8072528618086002,-0.2687955519731398,0.034709735019133936,1.9672008507090226,-0.28470034781556974,3.74
DHI,2026-04-10,-0.06367569420011987,0.3474094829628292,0.2584180774492682,0.8925275220540819,-0.17497622753003533,0.5832267677545996,-0.3351172348853144,0.0220989831902757,1.25
ECPG,2026-04-10,0.7360723708608146,0.37812315878031866,0.19049710772917117,0.5736278777545394,-0.19858533539111356,0.4549583904291015,3.0192536554997385,-0.3691750314696822,0.0
ELS,2026-04-10,0.0415038642398351,0.168313542444561,0.06763105028021603,0.5464870402870885,-0.3465315063334423,0.08232772037396867,0.31523160708037995,-0.11142234900979309,3.39
FANG,2026-04-10,0.32427292078241754,0.299580809544213,0.042352273648916756,0.8291002591529639,-0.26187500258167845,0.09634600251308614,1.8969556576850681,-0.16485790618137297,2.25
FFIV,2026-04-10,-0.15932528831689785,0.3843265726290638,0.19595867510423828,0.5370962553632197,-0.19166244192357731,0.4823947088890229,-0.8284765013521793,0.13518372192490524,0.0
FN,2026-04-10,0.7233151620248395,0.7347755713769523,0.1397130518394679,0.7533346884415305,-0.32127419850184585,0.39805826796760063,1.80479690647542,-0.15216017959837425,0.0
FORM,2026-04-10,2.184045814553209,0.7352307075624569,0.12399836217713095,0.6182475400544979,-0.46477132817586964,0.3202511287767555,3.481800583475987,-0.6740928351336707,0.0
HOOD,2026-04-10,-0.5478814294260019,0.6960094048672217,0.19074231988475907,0.8376138705111419,-0.37937685696400375,0.5256155218763959,-2.0065464984009984,0.4300812018772241,0.0
IDA,2026-04-10,0.12663843699952326,0.16406679213196157,0.11865354879947658,0.7511485660512717,-0.3015773631870436,0.23472521296403104,1.285083365719543,0.0002631153506920114,2.35
ITW,2026-04-10,0.11337756992534187,0.22399196081824255,0.27727713338424226,0.7718177585644985,-0.20620428428014875,0.6223780928570538,0.8857475079392042,-0.09191507028471302,2.36
JBLU,2026-04-10,0.042391342544376265,0.6295291098615322,0.24740314253468923,0.6502555521728796,-0.22737335853444882,0.5986155753118306,0.3750032473493773,0.07935196048643889,0.0
JBSS,2026-04-10,0.36378274176499614,0.3421232231807885,0.04437564157291337,0.4481771580992949,-0.48213049054061413,0.05429375966071972,1.8684890919973496,-0.15235434961425487,1.07
KBR,2026-04-10,-0.17736088974539976,0.3159605890541046,0.23645770777279765,0.5810024352976911,-0.26364505546396305,0.5824100248260553,-1.223448999787125,0.145338355756376,1.76
KW,2026-04-10,0.46663388692132535,0.4949949288948676,0.0794617053866832,0.643773281887346,-0.6796944234976322,0.1875668751301964,1.6869207112218585,-0.41252037813020404,4.42
MCK,2026-04-10,0.1476347021193063,0.3225558378535771,0.045026802260301785,0.7108542591636527,-0.5254325821975545,0.07278241127852884,0.8801858801249046,-0.30506452184944377,0.38
MTZ,2026-04-10,0.7324480344857791,0.4143713690859735,0.1673102139907196,0.8433809522839525,-0.34388480228068985,0.4601104011013518,2.782262868524699,-0.2130285222625774,0.0
NVRI,2026-04-10,0.6514767143321392,0.4871702966667594,0.17842044843781063,0.5479721293370814,-0.23724387941085484,0.43343317286969096,2.207973717989183,-0.37696195103136576,0.0
NXST,2026-04-10,-0.04676505195614511,0.37846179416694875,0.0999631333355011,0.525528706255608,-0.3359698088312634,0.240922556544441,-0.1780268743595452,-0.5038168336129492,4.16
PFG,2026-04-10,0.12471590036080005,0.23976985374523663,0.27008192176136814,0.670861952179043,-0.30836895974181894,0.6446271575923876,0.9282602666817273,-0.05774989135303654,3.39
PGR,2026-04-10,-0.14087289348367837,0.24164649668144755,0.02537574619769104,0.7291538555566018,-0.37884036413146366,0.0028452062638722633,-1.3232824099911153,0.08425212635773194,6.95
PINS,2026-04-10,-0.4496391448495095,0.5731990027977314,0.07023985305611714,0.5172028533365443,-0.47435215704242256,0.19442846633332234,-1.8652121683722542,0.31866227714403705,0.0
PLAY,2026-04-10,-0.25058276392603485,0.7524996459459761,0.19985709460558984,0.5544505936625653,-0.1961650289425188,0.49077457274648745,-0.46072701002451666,0.17689558703853103,0.0
TPR,2026-04-10,0.3260404891931181,0.3914664735864068,0.23544274990421168,0.6394087483467452,-0.2951341055010239,0.5757283227412207,1.5382311901793657,-0.25146695077935755,1.05
VIRT,2026-04-10,0.4743660701640722,0.29358866166909947,0.11028499409697637,0.4338479873503311,-0.21481334602484628,0.25702644746706726,2.667789935521776,-0.0404190465167511,1.93
WS,2026-04-10,0.15435547878058054,0.45520070927155354,0.25063682359147077,0.6449045874595614,-0.2146517627502732,0.6086990723951886,0.7722794271384676,-0.08811463373788608,1.86
WSFS,2026-04-10,0.30620059727010274,0.2766523314660127,0.25173128318125404,0.85136373286527,-0.19317239423162738,0.5690271238140107,1.9302673864190723,-0.07609958197907651,0.97
AIR,2026-04-10,0.4958165062478519,0.40839938811906423,0.26877556587970886,0.7030752850319549,-0.28822880512363547,0.6716659602562329,2.087131729590597,-0.1757098181412602,0.0
BKH,2026-04-10,0.2324260907291864,0.2099669465495833,0.10048730387306888,0.961749055578648,-0.2714550924992637,0.1888423093771903,1.9073492198610096,-0.11388711362005344,3.8
C,2026-04-10,0.31323936697374477,0.3268229301184321,0.269372373971394,0.809564128515398,-0.3234564440883272,0.6704447668805941,1.7132133282419972,-0.023980332187637288,1.92
CLF,2026-04-10,-0.35352109658578545,0.7404185215230201,0.17744549933724924,0.5538318406316216,-0.19653958795608414,0.4486130794938364,-0.8688302464151766,0.29376680343062334,0.0
COKE,2026-04-10,0.6636963182948867,0.31564095633161593,0.004681046620989775,0.3439398199042274,-0.28407329479620047,-0.011918688601836995,3.2778175827076663,-0.5662035119157449,0.48
COLL,2026-04-10,0.05660948870649718,0.40591699422566424,0.11508820011245202,0.5483686010973368,-0.3288510020923018,0.2574719431726263,0.36590444778489417,-0.11159811832001632,0.0
CPK,2026-04-10,-0.03654909052578581,0.1990122664204908,0.08085358147624927,0.7537738955030614,-0.308108171925958,0.11323093610673973,-0.49409937496858264,0.09708948828594277,2.06
CTVA,2026-04-10,0.34348688119601234,0.20845871418670647,0.16986879753753223,0.5813347875200235,-0.1498579597279233,0.39772474171010275,2.755733047959475,-0.1728957887247884,0.86
CUBE,2026-04-10,0.009356904680694722,0.22650128097736685,0.23931958829151453,0.9078340305353696,-0.19455963164026488,0.5346782728776361,0.005457763942725159,0.02472301114357156,5.46
DHR,2026-04-10,-0.06398586350905577,0.2512308123445658,0.21737549475086987,0.7216491810700818,-0.2561995018197761,0.526373523106606,-0.5770234869131405,0.01703313924412897,0.83
ED,2026-04-10,0.16233591868804953,0.16919470072153506,-0.068607633196465,0.7897056036977275,-0.4392771947608138,-0.2488469120029451,1.623159186159895,-0.09278784478828939,2.99
ESAB,2026-04-10,-0.14447621486690543,0.39093056541028953,0.282972467608055,0.7161638362702492,-0.33681911214921884,0.662509991837601,-0.7212911284358199,0.011819672583431418,0.39
ESS,2026-04-10,-0.008738129929677929,0.19453209788136816,0.21873711452123454,0.8392977253386059,-0.23374340029166454,0.4768991465821781,-0.21503832463562522,0.03387447972555391,4.12
EVTC,2026-04-10,-0.12156412621887369,0.3434832121808983,0.16931218666246692,0.5080480936130278,-0.23337641357490807,0.38353564947193036,-0.71613972826617,0.06340118092473179,0.7
FULT,2026-04-10,0.19386278376010369,0.29912275175469627,0.3182126995461538,0.906190510380313,-0.2288078017877892,0.7403374358075719,1.2005089474564499,-0.02810035672382183,3.48
GOGO,2026-04-10,-0.5182522082466032,0.6448069740457648,0.16203903880604015,0.4395124163617043,-0.4167005605804994,0.3969183503422779,-2.0157270261114704,0.5480105592006961,0.0
GTY,2026-04-10,0.35835733757284083,0.2199047053714665,0.0481874401980716,0.5996697407809979,-0.3666986768523281,0.0695038689363373,2.725079292602972,-0.24197734512531088,5.73
GVA,2026-04-10,0.20916731015005507,0.2339274347826084,0.24207483633045732,0.6751250300513942,-0.26613077144862257,0.5988460590889568,1.5700276590240931,-0.15718632793501375,0.41
HWC,2026-04-10,0.10767523353795161,0.2878229907220744,0.2946706522936301,0.8859878289428603,-0.2303771325188524,0.6841443159150647,0.7118074444882179,0.02942270893092891,2.71
IFF,2026-04-10,0.23470531328035094,0.300690131321103,0.17860732292364215,0.623132507015018,-0.27649675995624606,0.39574669457798767,1.4201036849240838,-0.08098654558533991,2.19
KNTK,2026-04-10,0.3164492679081483,0.39707091575561154,0.13578110807510166,0.5537726939501578,-0.25462516450190553,0.3407992121432766,1.485072576173639,-0.26392105536141164,6.88
LVS,2026-04-10,0.0511484688875683,0.3880186947336332,0.1276525465735554,0.6322220201718773,-0.32690558180620666,0.3266630867206124,0.34342653393448186,-0.11050479952223757,1.93
MD,2026-04-10,0.32490756355486994,0.4812791608023217,0.08549286904048348,0.5960163653352053,-0.4693887032230314,0.20187164869954607,1.3155562663558344,-0.16334794846959932,0.0
MRK,2026-04-10,0.41586321757618716,0.2508138175973906,0.17529728041165796,0.549082566351148,-0.30059612397641833,0.38337897914207997,2.7510843462336942,-0.24976721452748962,2.77
NFLX,2026-04-10,-0.17222418782091908,0.37772360091974794,0.037249507376001495,0.4362075463987098,-0.35487643624517834,0.09725077264381593,-0.9364903257888346,0.3023600424980176,0.0
NWS,2026-04-10,-0.041243810718875173,0.2642437998374352,0.1316770490103529,0.9400950406489428,-0.24856732164080783,0.3184913662751484,-0.3520083864226796,0.0958240830269046,0.7
NYT,2026-04-10,0.47410435858966093,0.22525541996475917,0.057329820611508396,0.4060303602731544,-0.3379151527360254,0.12528431605677626,3.3995151105356887,-0.3197205877550974,1.12
TRNO,2026-04-10,0.15403298506834995,0.20490570049562892,0.24278916296891526,0.7595230458561126,-0.20677321733458617,0.5420615912325115,1.3018671195246152,-0.05247503311245483,3.19
TXN,2026-04-10,0.22189331001046741,0.3455374664381316,0.20746869595253145,0.80273102707683,-0.2071534832573525,0.5177168285765847,1.2144329785957841,-0.05820056195884349,2.64
WFRD,2026-04-10,0.600356808727081,0.4112067593436631,0.21863462394096406,0.7903220904874361,-0.245796244493341,0.5402423833654735,2.407708683287431,-0.29478022646414104,1.06
AVT,2026-04-10,0.33061456064939865,0.3337483606964275,0.22688705771034182,0.784486561025859,-0.1933974831860852,0.563798030303401,1.7586761236981248,-0.11964324543100524,2.06
AVY,2026-04-10,0.08251223603957225,0.2645456817132095,0.20199167501381493,0.5956789880219412,-0.20455200060479134,0.4467586468299737,0.5706422384371639,-0.11551692019589699,2.16
CCOI,2026-04-10,-0.5331579847798553,0.9553282848607131,0.11806487891351647,0.526004101937141,-0.43673199820249786,0.3135261442433678,-1.1140036353095462,0.4528723716409596,10.1
COLM,2026-04-10,0.1332180864539254,0.4035643954916163,0.24975176947979205,0.6374675728890338,-0.30685271568363987,0.5762829740010057,0.7141790387903917,-0.08372064712599614,2.04
DD,2026-04-10,0.47020695625286923,0.32770554331644264,0.25947242492274314,0.6741097628209667,-0.1728842375245871,0.6247960237950511,2.4040962964131434,-0.3394993249500903,1.69
DXCM,2026-04-10,-0.05618396702057582,0.3867728454154793,0.13909480136905156,0.5248233506064306,-0.37410338773849583,0.3462039918047943,-0.2152973775070655,-0.034364486855398946,0.0
EGBN,2026-04-10,0.26506356292695155,0.4689055860075995,0.20238283780857422,0.784224947481315,-0.18394401893558762,0.4679883690225841,1.151178364347071,-0.12592487425336818,1.3
EZPW,2026-04-10,0.5151354648030362,0.3524393735630888,0.18096357588126505,0.5513725712503532,-0.24190633434586867,0.4517610593931281,2.4303536841972413,-0.2671293178771583,0.0
FRPT,2026-04-10,0.293841311792129,0.49460233568609074,0.09429488645126229,0.3642958898043602,-0.2757822406896179,0.23521656700139232,1.2073964398740367,-0.7132121446702301,0.0
HALO,2026-04-10,0.04177547527577019,0.32293077816977767,0.12962543025750659,0.4510941116573174,-0.34097183444942486,0.3102163912587113,0.2838295584215908,-0.018350209314342614,0.0
IT,2026-04-10,-0.4176686916858384,0.5006442200778266,0.11668889946047312,0.7025136696601847,-0.4416390101662574,0.2948111427748946,-1.9952940169950149,0.2522084599192178,0.0
IVZ,2026-04-10,0.00470063730246828,0.3646194360007899,0.28742962461595345,0.7211663636970742,-0.3717917774925017,0.7163525896845824,0.08963621349172897,-0.05118444830260449,3.56
KNF,2026-04-10,0.28836896147362334,0.5236256607822547,0.20307994971435853,0.5832004150308511,-0.23196919181769654,0.4745979559438806,1.1491623322352273,-0.14823789257103648,0.0
LNN,2026-04-10,-0.1741154426121918,0.33315337703546954,0.16771273602262038,0.5507883904157049,-0.30762386848936607,0.3869926684390485,-1.1165646811092726,-0.038693316613551576,1.32
MA,2026-04-10,-0.11710853840672375,0.23035490775119,0.21106972876163238,0.8873498597971764,-0.1918803047868712,0.4778560628254325,-1.1614728200175195,0.09116400070313468,0.69
MTRN,2026-04-10,0.3159688936699403,0.4713932915812201,0.28051572400597063,0.7394001837323187,-0.3108637906917861,0.6741458728563241,1.3217489072527435,-0.029359895494060484,0.34
NKE,2026-04-10,-0.3590575377075881,0.40190005903453824,0.19122730110918362,0.5947113590470817,-0.1620423418297078,0.4443645868062422,-2.1266391841466605,-0.07907668315550764,3.73
OSK,2026-04-10,0.16988108978934502,0.41276339434487525,0.3006973412782489,0.726372853901437,-0.24282590733246448,0.7355023195010628,0.866573337649209,-0.16438427477235185,1.46
PLNT,2026-04-10,-0.24748058801777928,0.3533114474711993,0.1085812864258177,0.539796075469386,-0.3058984554223632,0.23539290126937756,-1.5686047118701256,0.07231936110302772,0.0
PRVA,2026-04-10,-0.06818187908513473,0.3434907569076139,0.20392184555318657,0.5042167223207993,-0.26187500258167845,0.4956090893819123,-0.3709298258080587,0.09144885547857506,0.0
REYN,2026-04-10,-0.050211414220935224,0.2672997813667571,0.14218384504320922,0.5690856738194836,-0.3001474649343772,0.3190749415653818,-0.4182297289213898,0.11346256356955908,4.13
RUN,2026-04-10,-0.3319389757312411,0.9053679005078473,0.1708207562304186,0.5407415718878228,-0.3401260808259507,0.44151221987567574,-0.45204840497249416,0.3668595634243451,0.0
SEE,2026-04-10,,0.281985822749738,0.020087379258246028,0.4179664226967654,-0.328043853605722,0.023355292805010013,1.3947633516628486,-0.19369283575120755,1.9
SEZL,2026-04-10,-0.26539360352478203,0.8785302436020918,0.20220417477505484,0.6306681238279577,-0.37427996017683707,0.5142238854527301,-0.3417386690573701,-0.09969943480945642,0.0
SHW,2026-04-10,0.011532310571793714,0.25299136938943056,0.23162432539904126,0.8049862153169892,-0.2603996907624016,0.5270339753076847,0.04569308916789041,0.06011967927785189,0.95
SPSC,2026-04-10,-0.5244852476082429,0.4649263767515388,0.09700911948549393,0.6223882352080605,-0.3844235645013283,0.23558240743563139,-3.0586277994478808,0.2868187652085359,0.0
TGTX,2026-04-10,-0.024020592601254775,0.40113881057349465,0.15802929902131738,0.45116930821495327,-0.24153118164598203,0.38013051855021524,-0.03150395784204362,0.39920547665479567,0.0
THG,2026-04-10,-0.0003036742522805058,0.18683308542415397,0.12328978680307137,0.7596486905939777,-0.35874726979326227,0.22485370652276368,-0.14039184922193632,0.05436509135675449,2.11
TXNM,2026-04-10,0.055761583273090665,0.04289239494229726,0.07928965375378971,0.3988798042851751,-0.2219170974335974,0.16888753192326425,1.5691368643786985,-0.03259592394800703,2.86
WAB,2026-04-10,0.3813599669784835,0.23417555133580073,0.31345721153275957,0.7580821989501817,-0.25148071214536977,0.7599370447427436,2.7164541756556844,-0.1449022301977544,0.39
ADNT,2026-04-10,-0.12868748642267824,0.5324022461502584,0.20469177411408668,0.644498471393898,-0.3870881674457895,0.47922654572862233,-0.33638078509221825,0.006727882055246992,0.0
AVB,2026-04-10,-0.06789510556265566,0.19681506386451145,0.22692536517052353,0.8230199395258561,-0.29673866393401793,0.5091458595733777,-0.8401725141500295,0.0607624572015657,4.23
AXTA,2026-04-10,0.08863129616752019,0.32574704724776493,0.2276208569271576,0.7173748941588292,-0.25523141068376154,0.528278929894526,0.5530909837999399,-0.03881701734455101,0.0
BG,2026-04-10,0.5472489158891269,0.3101257251548817,0.08873406792825918,0.6358427337669696,-0.28141719789845066,0.21607235917689893,2.852844548822913,-0.4310937105302026,2.28
CSX,2026-04-10,0.18465885690581185,0.2047296418732487,0.2567492123729704,0.6549964679015651,-0.17842543743289052,0.5952313537660388,1.5614059499547615,-0.07521847704112017,1.32
CTRE,2026-04-10,0.19347926185873066,0.2505665228299135,0.07576923359471444,0.737592559818803,-0.2673503096263998,0.15221492259088584,1.3777598831431968,-0.17003531295335372,3.96
ENVA,2026-04-10,0.3237037658691406,0.41820768080965093,0.2305005552876137,0.6413591186241573,-0.2978619964100531,0.5564400275724604,1.4557614091455175,-0.265152273755775,0.0
ERIE,2026-04-10,-0.19590679733323735,0.3110899473748834,0.09301100011104077,0.5385019138861058,-0.34772537868455966,0.16402507664628302,-1.3941222746835786,0.30884002296594604,2.27
INDV,2026-04-10,0.3105590111167231,0.386550861586826,0.0811319488192863,0.4642419666095067,-0.4558434105047428,0.19156993250364868,1.4862841502588946,-0.36287031109382495,0.0
INVH,2026-04-10,-0.04400667206544573,0.22593666113734004,0.14969407019223124,0.829446668832491,-0.20062756637643778,0.3030860620082941,-0.47904106029693727,0.13310456214114497,4.62
INVX,2026-04-10,0.42864941786763233,0.429196343171116,0.12391381879748234,0.6213448101031954,-0.2375035371740332,0.31698150828460525,1.7904524749488278,-0.38825173050595274,0.0
JCI,2026-04-10,0.32934505028189576,0.3017669014811974,0.17529336734933415,0.7256918942513921,-0.3148130715169872,0.4398809763674606,1.9103514885579482,-0.17735621266562318,1.13
KLAC,2026-04-10,0.6558819393356181,0.5188929271437073,0.1867708685049661,0.8742184582249858,-0.45962854585788965,0.5097718446101903,2.1418985127608106,-0.20678864985440615,0.44
KLIC,2026-04-10,0.9423249246885286,0.5502206210121122,0.20984252451875451,0.672628001953301,-0.3481091453019619,0.520881774795515,2.6246635467291792,-0.3350711728980411,1.07
LPX,2026-04-10,-0.14998080817213622,0.41441230955796443,0.23068301723654064,0.7312375362617205,-0.26422990163148746,0.540831264510945,-0.6890514970469438,0.11016291761757979,1.58
LSCC,2026-04-10,0.42947168132087343,0.5897538999898647,0.20752293547648135,0.7229631396718412,-0.3376973600528806,0.5463657479307241,1.4402275674747707,-0.07747226097147619,0.0
LXP,2026-04-10,0.14120320460825764,0.2287740932953782,0.1807153386508794,0.7008745051907279,-0.23314142848647673,0.41030783771881124,1.0909755739987486,-0.016634764929610468,5.54
MHK,2026-04-10,-0.1430960998078199,0.3641326360873693,0.28445941106082456,0.7857676210134201,-0.22171610358873245,0.6578681209760384,-0.7924898108575816,0.058914086826956646,0.0
NTNX,2026-04-10,-0.5015994881637875,0.49415617247657057,0.0896135300924231,0.5874554275088276,-0.25733087675627736,0.22747888723553464,-2.665004253138526,0.43797093100332796,0.0
PEGA,2026-04-10,-0.31448476342474785,0.5366741004100768,0.08379656873980923,0.6011506830625756,-0.32347301436998244,0.22478640074727485,-1.2303171971605915,0.0708160110536119,0.3
RYAN,2026-04-10,-0.383561177280482,0.40833118737936935,0.08765763483346331,0.6003256295012048,-0.33518201757603633,0.17552730388655666,-2.282176225589199,0.3196200841729665,1.49
SNCY,2026-04-10,0.5549598097423929,0.5133056514129891,0.26623989646237506,0.7375290917526536,-0.26547623712076407,0.6435424290275676,1.9031704784858547,-0.38869672587405824,0.0
STRA,2026-04-10,0.039607472088859286,0.32538132966064126,0.16957379331501923,0.6346978297886409,-0.2660873790079706,0.3910879710690979,0.27097281013365443,0.001773181957481218,2.91
UNM,2026-04-10,0.005962975655717573,0.23303803905237835,0.15299665019757297,0.6344912768453181,-0.21137031681901894,0.3354941284096817,-0.01838084464413128,0.08643010414605035,2.4
USFD,2026-04-10,0.20931321357065302,0.32313398353612566,0.09588417282684333,0.6282917051383103,-0.4279862476913367,0.21420466954980863,1.2082740693090546,-0.21646659065956264,0.0
WELL,2026-04-10,0.24898894500219226,0.20641938046344638,0.08222364877506737,0.7446400745557348,-0.25353744781522614,0.1608145547650736,2.0676863201214863,-0.2087898264289385,1.43
WLK,2026-04-10,0.5102273673554674,0.48468659120131896,0.19814501274727928,0.7686998109062348,-0.2379062752013348,0.4817655790728855,1.8659216203381643,-0.22257250495416547,1.81
WRB,2026-04-10,-0.13784767827695887,0.2322618317278612,0.07687841532244158,0.6558185175251231,-0.34155062547644943,0.1128960804480348,-1.3550616483414943,0.07299820605962604,0.54
WWD,2026-04-10,0.5525174675216662,0.414776244350033,0.20084300997060003,0.6545970593452364,-0.3692664350017205,0.5024382736287392,2.237422385193305,-0.44107718160437503,0.33
YUM,2026-04-10,0.14026767385988625,0.2249871312382743,0.14016734434803996,0.5897366420820987,-0.34357171214046806,0.26885366071375505,1.09635998034316,-0.0824494648641384,1.87
AIG,2026-04-10,-0.06481555257887084,0.2646119445478448,0.11728746177827147,0.5197996551184559,-0.291404301912874,0.23275999133776804,-0.5404460088350109,0.037733349527349636,2.32
ALK,2026-04-10,-0.1934893558695655,0.5118980186555286,0.2740417542498059,0.7547168996768056,-0.29778933447954,0.6729530168725486,-0.6754369787415889,0.0981094839255231,0.0
ARES,2026-04-10,-0.31497369601117653,0.47272661847363323,0.2170605192967243,0.8153119811143462,-0.2938769714807896,0.5478793465011301,-1.4633830741841418,0.27794222882161956,5.15
DVA,2026-04-10,0.1918816913784882,0.41912985738650527,0.08095316613046709,0.5618630551507816,-0.47116488132905654,0.15400459473451425,0.937626266328664,-0.2662084890844896,0.0
EFX,2026-04-10,-0.23871268446958327,0.36086071072474474,0.19824070449551304,0.8496242042286763,-0.23036494539634333,0.45617598855969804,-1.4581885650918274,0.08830330407993359,1.13
EQR,2026-04-10,0.005525684644145379,0.199379245093232,0.19589446509694375,0.8552263721378962,-0.271749951751947,0.4198609981565441,-0.06071119235189351,0.03525265014889911,4.65
FOXA,2026-04-10,0.05833418256133904,0.27813111169540444,0.09439058395658823,0.9768565911435858,-0.40828892663229344,0.21548688509954025,0.3944744213519195,0.07114828087253067,0.89
FTDR,2026-04-10,-0.13657936766790746,0.474930522243716,0.15122206783644487,0.589914913049489,-0.33952848141252534,0.34015007426563737,-0.47535553759018667,-0.14447118041191753,0.0
GPN,2026-04-10,-0.2428680684699246,0.42837153127997274,0.22363386054003367,0.6009902085631539,-0.3321592751222955,0.5334656514230107,-1.2010340591552615,0.041394504766985474,1.52
HAL,2026-04-10,0.6285606589944872,0.37608986266684236,0.12388418883759143,0.7192058228300244,-0.24853489228105366,0.31362163220626543,2.688417002965596,-0.417005041811624,1.8
HOG,2026-04-10,-0.11968495842785987,0.35094512918961274,0.20267755934090764,0.5284280725266967,-0.19295005062077655,0.4899413873630764,-0.6808924859402367,0.5699733316722174,3.21
KALU,2026-04-10,0.8778163629126468,0.5048631956453832,0.19837095800872837,0.6414588754989304,-0.3591580093371219,0.5125434435259227,2.6789746163768537,-0.43003672282130145,2.17
MAC,2026-04-10,0.2631972676336283,0.30458953755227025,0.27974384485089443,0.6983028955460361,-0.1611047641558534,0.6412305363790934,1.558575165027384,-0.05139447742426806,3.22
MPT,2026-04-10,-0.030566379550094447,0.3785776517067851,0.09234109172192373,0.3629976990337896,-0.2496139625016575,0.20651034240685884,-0.09324830748388938,0.034255086830622394,7.45
MYRG,2026-04-10,0.5737488036488121,0.4452456061268124,0.17310331425960288,0.802364761591493,-0.3082504046576994,0.46523481826892993,2.181141171694701,-0.12842895710696933,0.0
NBHC,2026-04-10,0.11543671375619713,0.2669867620823538,0.3099737460151254,0.8646878193050945,-0.12109430880006478,0.7107855050543618,0.7972970339326074,0.004481484739006225,3.05
PCAR,2026-04-10,0.3631911825243228,0.2629086956127386,0.29866148328123476,0.6977359520714799,-0.16014003324594012,0.7103611993043526,2.3441568040860252,-0.16921416008985712,1.04
PHM,2026-04-10,-0.00647323301960312,0.31998307648099983,0.2813631517289289,0.8925275220540819,-0.17737117857131693,0.6446693622160656,-0.01822877862020402,-0.056230275062244206,0.85
RGLD,2026-04-10,0.3916308067081802,0.44566056823215067,0.1449756178329364,0.8343407592449438,-0.3233546144027543,0.37740109068946504,1.6236180054811442,-0.41679821208938295,0.72
SBUX,2026-04-10,0.2228680098303535,0.30206375592989376,0.23620861635975446,0.5655483394908849,-0.23427234927799329,0.5658252313416325,1.3509132576833494,-0.3162837755618906,2.56
SFNC,2026-04-10,0.10120234677328899,0.30422521323712903,0.2930573568176815,0.8774167688773582,-0.22983918658214644,0.6796633504001525,0.6485042018823418,0.05072104476856476,4.09
SLG,2026-04-10,-0.31641458140905454,0.3919192408123323,0.23901817982085477,0.7907813989857856,-0.1403397248442249,0.5693953672269025,-1.8681394424795348,0.3900758001662564,7.09
SONO,2026-04-10,-0.273829648481985,0.39710199752049463,0.19610002685942637,0.5109886587413188,-0.3700750272151436,0.4822089711503933,-1.533285972533723,0.10151094041960063,0.0
SWX,2026-04-10,0.1860649852121783,0.18186819564278967,0.1166055458894899,0.6504667820729845,-0.27878738720489843,0.2151844302252865,1.7465931763238558,-0.04549965051854843,2.69
TDY,2026-04-10,0.12488722144451203,0.28209064870531336,0.25563116877651165,0.6048486086654286,-0.23896721398256415,0.6175925169580899,0.8270052004913836,-0.15126966108347129,0.0
TRGP,2026-04-10,0.5280325609496184,0.27302000764541523,0.10405845403067333,0.673995285765947,-0.20202470795057276,0.2362051804309537,3.1136618993839407,-0.37890139140125934,1.63
UE,2026-04-10,0.08872624192943834,0.18506339685300727,0.17666642201813293,0.7745467192524719,-0.24572390186062082,0.36467986654290696,0.7856159295485623,-0.05435800544319491,4.03
UHT,2026-04-10,0.23172505601574955,0.210542166287983,0.1180906635772632,0.5821623868692039,-0.2633994454213508,0.21906668283973046,1.8976624504439261,-0.1661679562859335,6.95
UNH,2026-04-10,-0.1485218438970285,0.4152083684125775,0.1378760814266223,0.7386516986679934,-0.2405717482947186,0.34116747143117526,-0.6650513611859424,0.28688354997186083,2.88
WTRG,2026-04-10,0.03118224497768929,0.22112826520007894,0.0209883038844607,0.9084478623373855,-0.3493761866795663,-0.0016578437045315746,0.19498863108947523,0.02227308341198231,3.34
ALV,2026-04-10,-0.06587000642854735,0.2633703931675935,0.2898938779032706,0.7804385910680951,-0.3026775283422716,0.6963792673538164,-0.5545549083835322,0.11171054402664149,2.99
ANF,2026-04-10,0.2780521842228374,0.7381198708151584,0.16629197940816343,0.675157564101159,-0.2019651606751491,0.39347398961670127,0.9472197731569181,-0.11336465664902984,0.0
AWK,2026-04-10,-0.0005474065709395459,0.23035339404246766,0.019451581899158757,0.9084478623373855,-0.39200008826572336,-0.01350181576962215,-0.07730411404462528,0.061142875865873525,2.38
AWR,2026-04-10,0.10298577832642808,0.19940924898262624,0.058087658449182435,0.8584921866022044,-0.39930027382482036,0.0703969392770174,0.8743416937713598,0.07282741721100106,2.54
BLMN,2026-04-10,-0.2040000279744466,0.6226047224367331,0.20975418786892508,0.6118685267573244,-0.18388618902914403,0.5107087597224573,-0.4941582254439255,0.2424568148455798,9.87
CCL,2026-04-10,-0.024156681840181493,0.5237819315178824,0.25431165927598914,0.8485989193135642,-0.3319936098417133,0.6234134955410185,0.0810302770764864,0.11950404777920409,0.54
CELH,2026-04-10,-0.4548739612430095,0.6197831572591231,0.12062973631985976,0.6780474794890142,-0.4753665896317614,0.31894112455331347,-1.7113677557188702,0.0031575443195425157,0.0
CNS,2026-04-10,-0.024822148621555296,0.2679145307729718,0.25663682488231015,0.5505933489993952,-0.1916242462209119,0.5959504564028694,-0.215663950480906,0.0241792563179265,4.18
CRM,2026-04-10,-0.32769495513112923,0.38257280726968107,0.0704097744935364,0.7271804670200586,-0.3048505703006368,0.20057002044565245,-2.0097218797373486,0.044497502731159155,1.03
CWEN,2026-04-10,0.33877972419334434,0.27437848200078346,0.11328064266293603,0.48023110624407933,-0.3348819577418988,0.26886880306276095,2.124897642991323,-0.12555550728519937,4.41
DAN,2026-04-10,0.9981983130591214,0.3937095822829072,0.23411572717444257,0.6838335194741784,-0.30360656412809744,0.5895718264853397,3.636292745628923,-0.45886778955347984,1.33
ELF,2026-04-10,-0.5611850648906391,0.7683551722019185,0.15341220948908002,0.6780474794890142,-0.5287306161081505,0.39962105872553394,-1.7761310154593692,0.23387735170544355,0.0
GE,2026-04-10,0.035659208368579165,0.33579853402616094,0.18158977971591111,0.7825529918146048,-0.25969611949382604,0.4583178009271804,0.24948523832305822,-0.14506335579694052,0.6
GWRE,2026-04-10,-0.5004861872251427,0.45071502158878923,0.07216350878579916,0.7026961176300726,-0.2718626360667945,0.1995694070742408,-2.9649026581170093,0.07989729299564108,0.0
HIG,2026-04-10,0.07031937211602135,0.18579923287506497,0.1667505244028662,0.8105797364369974,-0.37831676107304524,0.3253790653839256,0.5981298830257362,-0.027515508490389973,1.71
HRB,2026-04-10,-0.37694582238836927,0.3694676557531079,0.05387897886345768,0.5613929462864883,-0.3807535067242146,0.12543605648223183,-2.508546897435621,0.4270637860329125,5.44
KTB,2026-04-10,-0.052703587855452816,0.5171464624383023,0.17925208482577631,0.5976913916995718,-0.22324928598682686,0.42559741529089323,-0.04551217597867592,0.1716539014654448,2.91
LAD,2026-04-10,-0.10983954092183723,0.3108946681364437,0.26207742644809473,0.6168734953597016,-0.31587371963577965,0.6481591525789182,-0.7389481227777152,0.14320077609935422,0.83
LBRT,2026-04-10,1.1945105302533117,0.6750180685585756,0.06860074004044556,0.3943217481342797,-0.2600401684810339,0.18973142553574115,2.604838937254149,-1.0596727277755247,1.25
MTCH,2026-04-10,-0.005576607019201929,0.3005496614546359,0.21918783987138815,0.6009610322339213,-0.37153397080680745,0.5369489410870999,-0.030711117661967907,0.08649064676941176,2.37
OHI,2026-04-10,0.17540434075245415,0.20979629116179455,-0.008522054758857287,0.737592559818803,-0.39284190527159807,-0.06202769962541314,1.4522280212387326,-0.25823852036428063,5.86
OSIS,2026-04-10,0.18479782731773775,0.4566824321023374,0.22201908638585638,0.5777360053841601,-0.2376153522146282,0.5525428672287289,0.8774114237056682,-0.09225966477648051,0.0
PMT,2026-04-10,0.06136569066291231,0.28682164704687557,0.14205220869465512,0.6485055014936817,-0.43115525325444176,0.3281124194731409,0.414804782493457,-0.026192093799803473,13.79
PRGS,2026-04-10,-0.42340012245498826,0.5299419898651622,0.1265231219955667,0.5165038342392609,-0.26111808949265036,0.29448071148639543,-1.9064174977869464,-0.09224486211081029,0.0
RYN,2026-04-10,-0.11125062579994072,0.2841083768100812,0.14807954371842005,0.6257420591844554,-0.1765198217644678,0.3336471294444792,-0.8468293486326326,0.20378740413599084,5.05
STBA,2026-04-10,0.21206127667112673,0.2568070238677462,0.2667074185405881,0.8607576991316578,-0.15977729169741853,0.6022564138577842,1.4715930304357392,-0.033992873865112294,3.23
STLD,2026-04-10,0.30656026788543067,0.3524958876995862,0.24076393553468298,0.8566120447030987,-0.25171627504068134,0.5938954539650053,1.5830666741629988,-0.19711362696535184,1.07
STRL,2026-04-10,0.2709757170102989,0.6755607005463363,0.1556845520961513,0.8290086236849765,-0.3413709442956753,0.4332578642230365,0.9919371768532784,-0.1562112384494564,0.0
TDC,2026-04-10,0.13996321416355695,0.7524346312011643,0.10727683270472826,0.5761733956830314,-0.39255762865379906,0.2827603578592082,0.6263492611434395,-0.4427167438849732,0.0
WMT,2026-04-10,0.2544033604728775,0.2551822181852745,0.07317737738139443,0.5445728623798333,-0.3074220372787981,0.14015443561740168,1.7490885416612305,-0.1752994108964595,0.77
BWXT,2026-04-10,0.19060051872090567,0.49461709610192434,0.16060950969291715,0.8259847286590659,-0.3624146095323876,0.449814004553378,0.8723688999933372,0.13944950424971725,0.44
CSR,2026-04-10,0.10467953573028366,0.26473804347682145,0.08650094123508413,0.4255438570497646,-0.15343689696719948,0.17282952069497928,0.7227822575032627,-0.05788748443433889,4.96
CWT,2026-04-10,0.025069970654931995,0.25070994909338634,0.05649937347800302,0.8584921866022044,-0.3327144354835793,0.0786688695578431,0.15230791205099284,0.10486137060384859,2.62
DFH,2026-04-10,-0.40611728978247796,0.48199874872879683,0.25828401476635915,0.7761231198563112,-0.2096740114485556,0.5967102487150449,-2.027876129540008,0.3041821363938929,0.0
DLTR,2026-04-10,0.12800499553095035,0.3797659261898797,0.18157804311758124,0.5726504149253023,-0.10826698966576805,0.4369796245885618,0.7138115955911002,-0.3822930164666003,0.0
DOV,2026-04-10,0.3514066236119542,0.263481484847916,0.26367299587326043,0.7121720359838982,-0.2282102575569346,0.6434122085264617,2.272762903574548,-0.23781430550740779,0.95
ETSY,2026-04-10,-0.2643426019062387,0.5209865932388592,0.19635183300553602,0.5181505443079474,-0.27853189384691984,0.48560684628846873,-1.0060251691135256,0.2877592438553954,0.0
FAF,2026-04-10,0.08366845566877723,0.2934617466181319,0.19596055001965962,0.7414096286010942,-0.2668402720107352,0.4241981875305294,0.5526776065784323,-0.08171109776751939,3.42
FLG,2026-04-10,0.16347845085619972,0.33546272860352705,0.2689741687512309,0.7787318126337455,-0.20515376329828827,0.6313394609275256,0.9485458732042638,0.05909186666507149,0.28
FNB,2026-04-10,0.12700180143022632,0.2825176633726332,0.3124349611852394,0.9243666724157761,-0.26281114030420616,0.7400285657506583,0.8431648086463421,0.0422425535038069,2.68
GEV,2026-04-10,0.5653319207780108,0.5271618874215115,0.12860227277162287,0.6502623511393912,-0.2873818997946843,0.36142810292834654,1.8933305392167832,-0.18255426448031786,0.15
HOPE,2026-04-10,0.14016304623634168,0.3036074415724529,0.295832365223423,0.8936532305458527,-0.20975862373498108,0.6857726768975221,0.8806746913149515,0.09555322378116582,4.54
HSY,2026-04-10,0.08837504496600901,0.2697949442918136,0.07809602714480463,0.48497907428115583,-0.38744553493640316,0.1451590320587777,0.6058604074295989,-0.20290050442346275,2.75
JBL,2026-04-10,0.4636943524647734,0.4384733150950791,0.18851265896273336,0.8258778359181309,-0.3912171284001448,0.5132968601250832,1.8743360156921087,-0.08522348510917821,0.11
KVUE,2026-04-10,0.05889366579352173,0.3505508963216129,0.10347844971308903,0.5114415336473882,-0.34458829511112704,0.2142038504824114,0.38119191258672974,-0.11108568190320123,4.76
MCO,2026-04-10,-0.1279391227094524,0.30341067109658026,0.15397293602725248,0.886144795277361,-0.2753981569905242,0.37080067088665025,-0.8985495820632381,0.036453452853615564,0.94
NEM,2026-04-10,0.42490742130405934,0.5269580209339111,0.11109215938697974,0.8343407592449438,-0.31669563446199334,0.30473548674897305,1.5409361605966632,-0.3271501365029964,0.87
NI,2026-04-10,0.14106352142841394,0.16153124011618789,0.14538938718584402,0.7352546471994899,-0.2660483173653355,0.31109813608421105,1.4618778340940404,-0.04774513116927792,2.48
NWN,2026-04-10,0.30678645284001504,0.18292412679032777,0.04874692771881817,0.7293263837847853,-0.36941930037712944,0.0473735334409979,2.807236839788805,-0.11107986054079844,3.52
PRAA,2026-04-10,0.3747269212891511,0.6727478353963153,0.1352588033879584,0.5736278777545394,-0.22855011221203697,0.3310952512608745,1.2195357958986426,-0.23057828754483756,0.0
SAIC,2026-04-10,-0.04350997192044914,0.45119388170126185,0.0848681237908131,0.7439912629071855,-0.36562780598412553,0.2155788271217025,-0.06896723177536032,0.04426340531847739,1.56
SM,2026-04-10,0.19662735990003322,0.4990140248305933,0.031941684359054305,0.7848536451336557,-0.2540629481678386,0.08815361706924066,0.8858473331303165,-0.013207280594462523,2.89
STEL,2026-04-10,0.23011315263802667,0.2768714060020473,0.21304616951786903,0.8486788855895744,-0.17975663934888714,0.4860986351693389,1.488115144488544,-0.13790406061041727,1.54
STT,2026-04-10,0.20391187060737703,0.2716038885354862,0.28391156038607224,0.820979409698772,-0.3336619451945531,0.7089020266494382,1.3558900331590014,0.01527006001545761,2.43
TFX,2026-04-10,-0.04104856470020524,0.4361440102275152,0.14938766565441103,0.49924195051805065,-0.3417020076395346,0.3734828856322054,-0.0708758105589773,0.1261885653886461,1.13
TRST,2026-04-10,0.30893418366734604,0.26219751115504436,0.2459482096283606,0.8208291892154417,-0.16888953099050985,0.5531278212107882,2.038255098375403,-0.1429989684997156,3.24
VTOL,2026-04-10,0.3374908696154366,0.3292766839034424,0.1669690376094802,0.5888137869241529,-0.24770511220800362,0.41317483165452695,1.8150312489776685,-0.09672508053574036,1.01
WBS,2026-04-10,0.23033926987297937,0.2833605801158004,0.2646794248571136,0.7858457799591474,-0.2758700944514491,0.6198009753713037,1.4642840491233873,-0.13479817218158197,2.23
WSO,2026-04-10,0.10316622373065676,0.3355879852902849,0.243617922675135,0.6994670402843499,-0.20056303072095025,0.5945880705947086,0.6287546981080228,0.0881376593508214,3.27
XEL,2026-04-10,0.03521784619449342,0.16692653921575498,0.07311030992581048,0.7820709397874533,-0.33825424210028426,0.12280422374977558,0.24333829140049357,0.021787069822755356,2.86
ACAD,2026-04-10,0.03877853499531847,0.3952688941286363,0.16708224325728765,0.5340385486594458,-0.2712123459364144,0.4157095077940579,0.28083734423356677,-0.11014093255398583,0.0
ALEX,2026-04-10,,0.5977912160113138,0.02618925054206755,0.3623774008182635,-0.44676466933408987,0.06649621636293163,1.0834560856346973,-0.28007899084345655,0.049200002
ANET,2026-04-10,-0.06882386199643364,0.5221265915627347,0.10345335706331829,0.5805601949942761,-0.31153525300892926,0.3075250512678488,-0.09851102116931479,0.16365256147336138,0.0
APOG,2026-04-10,-0.10871670973427539,0.3681580940241304,0.24631086824421,0.657950097814623,-0.19382199307703993,0.5761701988422583,-0.5595531209496916,0.21827756488984207,2.99
BDX,2026-04-10,0.05306225596747827,0.2334275273169094,0.22466569552711094,0.5622006054808135,-0.17106481230043735,0.5055027114116514,0.3767012753951047,-0.16857521659620267,2.7
DECK,2026-04-10,0.09590291859655875,0.5126269665204346,0.17067664619495704,0.5216954135832949,-0.23320675000738128,0.39630084904271,0.5272816690563,-0.031229936991539975,0.0
DEI,2026-04-10,-0.3132958524757835,0.2927544207839803,0.19867733827312942,0.699566410042962,-0.2385164669060939,0.4671720191930001,-2.585289064591294,0.3239592270347722,8.14
DGII,2026-04-10,0.4714636781328776,0.3553881847078655,0.2113538926320675,0.5037884526791718,-0.1978480774477312,0.5289296428766712,2.249360742274958,-0.2774895341204403,0.0
ECG,2026-04-10,0.513447209980413,0.68008121002157,0.15774591372580918,0.6866774867326276,-0.3840243998113665,0.4259613843612489,1.4947983339006425,-0.24149898670404046,0.0
ENOV,2026-04-10,-0.2366911363012456,0.5302189397063812,0.26000748368057386,0.6217174458568294,-0.1351504048388311,0.616746392854863,-0.8444926078393458,0.14802213370109762,0.0
FTRE,2026-04-10,-0.16837213205736734,0.8084778750599136,0.1935357100441725,0.6471655522984955,-0.3780789831701192,0.5042340445408272,-0.1155551702693041,-0.056275630140713795,0.0
HSIC,2026-04-10,0.1707449524235114,0.28734295465012044,0.2012828272650807,0.5892072185588328,-0.20200018957997817,0.4477385208387101,1.0968925310987683,-0.19741473334496773,0.0
NX,2026-04-10,0.43994566248989075,0.45293215637856904,0.28268655069763665,0.6960222331253588,-0.19639796776039137,0.6666947404148558,1.7537524460354128,-0.1371445344760177,1.59
ODFL,2026-04-10,0.4850461306117919,0.4099919220834826,0.27047364989395173,0.8560537943444915,-0.20103304184952378,0.6402443499087856,2.044464365126064,-0.22183083945649307,0.55
OI,2026-04-10,-0.08823523283358126,0.46499519812910534,0.2152189587198579,0.6122291985092797,-0.21303302859603382,0.5044838368345586,-0.26190072761011457,-0.03622418670833216,0.0
ON,2026-04-10,0.36862112705560035,0.5015196106936344,0.2229595032931565,0.8310149826741118,-0.2707582294001894,0.5793484051938256,1.4226249652153808,-0.06145788378763217,0.0
ONTO,2026-04-10,0.864275199732625,0.5913223215198866,0.20699049060441882,0.8151520082904125,-0.32720435216333266,0.56217663933581,2.349842046908389,-0.11091307429451835,0.0
POST,2026-04-10,-0.03436760571852737,0.28976487746035545,0.11396772840666487,0.40543701708398977,-0.3533916044402523,0.252393085904265,-0.24880847688243005,0.034378805380932964,0.0
PTEN,2026-04-10,0.8283250123360508,0.48128843288241746,0.09199777041958924,0.7226059369776722,-0.23727944682739135,0.24964619673794824,2.6816248446102837,-0.5688857575330366,3.94
RPM,2026-04-10,0.0001254932698502298,0.30040104126337225,0.25997361292884025,0.8049862153169892,-0.23242848834885727,0.5884072746125515,0.0025917504121272445,0.15569589467555933,1.95
SYF,2026-04-10,0.02481378016990954,0.32895110784493853,0.2748978395975342,0.8431505230243336,-0.3558749905876168,0.6692866911002813,0.18527845207840388,0.15589194203496792,1.66
TBBK,2026-04-10,-0.24801558799005208,0.5079507983990956,0.21984777711836048,0.6573441732283661,-0.4010468019894099,0.5362746684191886,-0.9509226358335149,0.40586069530741586,0.0
UBSI,2026-04-10,0.20938196381665897,0.2587487730779825,0.30105220791404774,0.9126781479236084,-0.18881897076756365,0.6871829459048425,1.4447036994778437,0.031543308154479255,3.37
VLY,2026-04-10,0.22270268302683882,0.3102746119085839,0.28870942759475127,0.8733045464546514,-0.19933130505637214,0.6827650130371616,1.323658668311567,-0.019165617402216006,3.32
WABC,2026-04-10,0.17333206816152047,0.2201391078842904,0.25626904559404984,0.8170720903632586,-0.15401362183476203,0.5787819687768179,1.3781753296726873,-0.02507741508101058,3.38
WING,2026-04-10,-0.2843393448126803,0.6476305693204719,0.1368370516663195,0.5642051959031185,-0.27990864866481285,0.33688221511972777,-0.7884594236069655,-0.04472276034898126,0.67
WPC,2026-04-10,0.09277592311275518,0.16822189419878364,0.09877792101087232,0.7140122822709859,-0.25829763239031067,0.1849432276119326,0.891550354385559,-0.07149429260196949,5.21
WT,2026-04-10,0.1891053439980348,0.3690779881001026,0.19889402158038788,0.5159009003030567,-0.17725665008775293,0.4898238706783085,1.0123030771715968,-0.17134337560708823,0.76
XPEL,2026-04-10,0.36633363897230886,0.38988959233553483,0.19901944404604452,0.5511315716800135,-0.17983105257317147,0.4804804893115039,1.697259821461148,0.023023185049715456,0.0
XYL,2026-04-10,-0.11988438981123506,0.24148570624469798,0.2387513109843465,0.6086211794848742,-0.2630864183556939,0.5859032852656265,-1.1220299328150949,0.2145615676107352,1.33
ABBV,2026-04-10,-0.07491173557555286,0.25331251306654917,0.049095495154873256,0.43828395923592034,-0.23910873945878858,0.092022405932563,-0.6630060606463202,-0.09099414111793169,3.26
ABT,2026-04-10,-0.23885419944259878,0.23614722079114675,0.12679847227643867,0.5429912938816852,-0.1808193339899076,0.26381438492059994,-2.38942450728875,0.07670253964034068,2.45
ACLS,2026-04-10,0.30746955681342536,0.5558340009095636,0.1972079701369985,0.9586917438771548,-0.3312357210454969,0.5096929851418007,1.1760475605948453,0.1853873894374345,0.0
ADT,2026-04-10,-0.20329785060406214,0.2980666229953843,0.21070423126871024,0.6148349904876348,-0.25642287889739085,0.5087935742863333,-1.527138209797295,0.2896339883336939,3.22
ADUS,2026-04-10,-0.2011714902899977,0.3255996391334903,0.09614414247600499,0.4900138071758892,-0.2367713933743736,0.2390768866776532,-1.3575633852391804,-0.038517993803415695,0.0
AMCR,2026-04-10,0.0750509535378856,0.3256888338858738,0.19613796825399574,0.6519394535963159,-0.31447766772888386,0.45264624649952756,0.47657281024031073,-0.12843835508726054,6.23
AMG,2026-04-10,0.1763661733981825,0.3569172821864428,0.18356315032902487,0.5347983019873255,-0.21566630208563511,0.4599095509156794,0.97556836372537,-0.16803871391736602,0.01
AXON,2026-04-10,-0.5365170746528232,0.586204950433779,0.10748515762037335,0.5017593653185654,-0.4134214006967652,0.2928610271630076,-2.4184090439874795,-0.11311894146908097,0.0
AZTA,2026-04-10,-0.29388588055849674,0.5862373224563728,0.18999785092109214,0.5775897227893453,-0.3412771273377132,0.4829257228968584,-0.9651467978277314,0.24603041842535722,0.0
BAC,2026-04-10,0.06458036444521542,0.2404196209997462,0.2497375017783854,0.8540829388787426,-0.2606864571995917,0.6044871804558264,0.4657712614589638,0.08326451743349017,2.12
BMI,2026-04-10,-0.10348474062507174,0.3681618083057044,0.20544814036049272,0.5228384946723214,-0.11908330569583563,0.4814169051097357,-0.5286313718640906,0.19022976277940506,0.99
CI,2026-04-10,-0.09361506274379239,0.3694956864426714,0.1316770337191816,0.574247915171268,-0.31797028842165354,0.3044027950730825,-0.45887833890628027,0.16909009898425342,2.24
CLSK,2026-04-10,-0.4975111901266749,0.9978676763152518,0.1726864445268264,0.8367816356162137,-0.3240919516546761,0.46655567092421896,-0.9369906768554541,0.5360550405491781,0.0
CVS,2026-04-10,0.04375611263559964,0.32988658881715976,0.09041898248788473,0.7386516986679934,-0.15678768834651116,0.21544355543839877,0.3012082165191949,0.01641891443535004,3.37
DDOG,2026-04-10,-0.3772475255038553,0.635427898501939,0.06857198453056064,0.6633953049826128,-0.3135808259279104,0.18917667864342783,-1.2615426123129272,-0.04275054287762903,0.0
FE,2026-04-10,0.1338030117235165,0.14483702311308508,0.054144377029259366,0.813971970947124,-0.27923904885023365,0.07185070856117731,1.5236800970572864,-0.07991816656910034,3.58
FLO,2026-04-10,-0.3271657146903739,0.346499421525923,0.09793426956796386,0.5934542697987448,-0.28943334322921915,0.1922754950844025,-2.2517772269380547,0.22328015981226823,12.16
FRT,2026-04-10,0.13920566989460204,0.1667191482066687,0.21350151460849992,0.8218910141629234,-0.2014745181024611,0.45951887267986746,1.4015197145121112,-0.08945679446834875,4.18
GKOS,2026-04-10,0.3530223213718182,0.5094217735030173,0.12606247360274336,0.4716559361319231,-0.29900479772271477,0.30393221205656584,1.3599910158145365,-0.07712008398557613,0.0
LEN,2026-04-10,-0.25321879699905736,0.3789698767142065,0.2259273302171319,0.8771712424401431,-0.23011970798871836,0.5149751558477759,-1.477840975850856,0.06824230835974665,2.25
MET,2026-04-10,-0.08863700839994992,0.25901157681735876,0.2881970095875254,0.7432649830035072,-0.18536466490524714,0.6751099284666326,-0.7587955481604958,0.18452023309022125,3.04
MKSI,2026-04-10,1.0086524371965702,0.5702957876301007,0.1946371838721605,0.7829541045987484,-0.35676644510419037,0.5233055151891824,2.6794498445095987,-0.3808612592805005,0.38
ORLY,2026-04-10,-0.06839149229180219,0.2271055010027944,0.07393024060891196,0.7974186034675497,-0.24457138654438684,0.14668074343762486,-0.7049769666153426,0.031198741456869628,0.0
OTTR,2026-04-10,0.19759864528584647,0.212087576221449,0.1834765456370042,0.5078949627882589,-0.1569313415928168,0.3941773860228945,1.6171480711694382,-0.08539177598085868,2.37
SBSI,2026-04-10,0.1965131768345345,0.24311594040462894,0.27553560001010813,0.8678396579387128,-0.20217649454741118,0.6286163860762014,1.4324660559080693,-0.003767708584843432,4.33
SKT,2026-04-10,0.13243633429151713,0.21197609642140453,0.19906288521912063,0.6768214710033672,-0.19669707323057511,0.4342335752456578,1.0851004810769618,-0.08365655138952799,3.22
SOLV,2026-04-10,-0.07451261665906916,0.2992097412567849,0.22342568148849423,0.5539289604158711,-0.1557162962137708,0.5144410958479806,-0.5167681595090889,0.027816728630467913,0.0
STE,2026-04-10,-0.06740704931484132,0.2515117174847552,0.19326925734959388,0.5694543566284201,-0.24592021365679964,0.4564453066683843,-0.6045980940495469,0.06873059789113989,1.1
TLN,2026-04-10,-0.27059617273182646,0.5649208454439582,0.11777472805182271,0.8242126360105606,-0.2573486813421362,0.3322282407779602,-0.9179928825491916,0.31066134291994474,0.0
TOL,2026-04-10,0.08614074590197474,0.31698893040659376,0.2894168792835996,0.8645710958842764,-0.27280491518380745,0.6750837971866511,0.5449979440832525,-0.14889309212604995,0.72
A,2026-04-10,-0.17479819573537447,0.2471418573721659,0.2349142182176088,0.7694670911480861,-0.2585771375738104,0.5757351650081673,-1.617190711199812,0.18123046623571137,0.88
BHE,2026-04-10,0.6896904877030152,0.3789144739995141,0.23143385798784047,0.8021450887649432,-0.34540691258009704,0.5961914871838081,2.86952539793152,-0.25549731908916096,1.09
BTSG,2026-04-10,0.6019130540930706,0.40845605844359606,0.21351904264963825,0.5076693867804339,-0.26211203028645846,0.5487037914878187,2.4274117914068856,-0.2711715245965016,0.0
CAG,2026-04-10,-0.13819874226954776,0.2926385788233909,0.11123241238573268,0.8052786851793827,-0.31132620146499596,0.1987254188672272,-1.0250075133414474,-0.0706958805288791,9.0
CARR,2026-04-10,0.10688415270322094,0.3359551239039208,0.21762506676375165,0.7607063301078157,-0.22179890320621684,0.5349914110466275,0.648482360313674,0.055407898195669825,1.56
CARS,2026-04-10,-0.09559516874136265,0.4667820598868056,0.15823112045841145,0.5685600319516123,-0.2551683047316185,0.3876971604607204,-0.28909893581122226,0.5380910458544832,0.0
FBRT,2026-04-10,-0.1319980278388433,0.3017855475536685,0.1888155547505091,0.5666180332419594,-0.3828717851756196,0.4468899437615662,-0.9307973564534849,0.0760666662716033,9.26
FLS,2026-04-10,0.6542742942629254,0.5549982870760294,0.1213362128771142,0.776983131166078,-0.6413660522479796,0.3313289512775662,2.00104994650138,-0.39949027609183374,1.04
GTM,2026-04-10,-0.4980842929377034,0.48028767517440335,0.1425682387373962,0.6298574000116912,-0.4194018898781721,0.3747322826103981,-2.732382484514484,0.2836685654133222,0.0
IART,2026-04-10,-0.29802262093950926,0.5578289159649086,0.22355831974663162,0.6196563988383086,-0.3647513542072251,0.546430818669476,-1.0597924887767007,0.35012850019926356,0.0
IBKR,2026-04-10,-0.028471325915962797,0.40564106728181765,0.2569868567798187,0.7263368247432933,-0.41707165729167106,0.6765656959776394,-0.04878847899635201,0.06193628039260046,0.45
ICUI,2026-04-10,0.09008468503961153,0.35366248228572306,0.25048729184714513,0.5808525291085676,-0.2722860531570458,0.5888308827008463,0.5443040147418007,-0.20175926890324192,0.0
LAMR,2026-04-10,0.1593541894277024,0.2020059293026068,0.2468208711549164,0.7297000303225557,-0.20795320483423152,0.5543183071916392,1.3633318115122877,-0.14429271995846493,4.82
LCII,2026-04-10,0.46884492173218284,0.33325289907585653,0.2381381090327966,0.6848591617185712,-0.19392201713283894,0.5601590203335582,2.362548946542883,-0.38775620242504205,3.63
LECO,2026-04-10,0.09993572024068942,0.28209809625133064,0.29590437672115716,0.7397228730641835,-0.17045156395882846,0.7143090307738971,0.6680387641149224,-0.17612968238022508,1.23
MDLZ,2026-04-10,-0.013011349425399055,0.23002219839124938,0.10573988568815867,0.6323084730074618,-0.2807613284960396,0.20428560317626474,-0.18757541270847078,0.15402561740693166,3.38
MPWR,2026-04-10,0.383509009674893,0.5023680885693902,0.21247215127972754,0.7890122880339993,-0.34868522362813625,0.5695333388531341,1.4666795455353467,0.11092780044189043,0.6
NJR,2026-04-10,0.2667350853080672,0.17938921582695852,0.03758448795525588,0.7145279861291176,-0.4255382716985809,0.001637348895184597,2.50856183485458,-0.12425699723360006,3.3
PG,2026-04-10,-0.018353285118004825,0.19301982298656026,0.08731451271067145,0.7260667648289072,-0.4106356165620086,0.14257275526525715,-0.32031454142282034,-0.08884501170275227,2.88
PRU,2026-04-10,-0.03201958890017331,0.2345863301202542,0.23938229633466307,0.7214679148967519,-0.2579546409755687,0.5743901955171135,-0.34569818937772634,0.05859765603217604,5.61
SCI,2026-04-10,0.02346546885960743,0.22853249605266668,0.12850504647323674,0.564748939706717,-0.37725365008949585,0.26953728195535276,0.130380346653796,0.03585354640093852,1.63
SMG,2026-04-10,0.09505860124957666,0.3436484004613581,0.238307731192944,0.5542859084136036,-0.1677740834313959,0.5525660825921103,0.5794377539135974,-0.1236630789860681,4.22
SMTC,2026-04-10,0.21587667831155088,0.6011628074929065,0.17467801332252003,0.6897704644724133,-0.3017187495099277,0.4720254360156646,0.8832830734248646,-0.24599603261385805,0.0
SXC,2026-04-10,-0.23502232276209423,0.5034355755400419,0.14258086447454243,0.5708753963604463,-0.2902108920659588,0.3747647111462705,-0.8978502821198251,0.31879391095531817,7.7
TDG,2026-04-10,-0.049833735372407095,0.2605824715318551,0.1426579942507651,0.6398282653014875,-0.3795774511920325,0.3465026960328646,-0.4286617186167844,-0.03460377365716849,0.0
TFC,2026-04-10,0.15481720826219125,0.2514355482254596,0.31453457740274304,0.8942690606978148,-0.23572824721905225,0.7352383697898085,1.1093038986487298,0.02772189789893309,4.12
TYL,2026-04-10,-0.37425460274875133,0.40668801119911785,0.10838980549639071,0.6384072462289023,-0.45833700606769223,0.25643204429763455,-2.2145691751122234,0.24218363424643807,0.0
VCYT,2026-04-10,-0.10850274498754464,0.6015077882990693,0.16218588960308555,0.6471655522984955,-0.41682913889066403,0.4161533728712158,-0.1764240564355818,-0.029674137478890916,0.0
VRE,2026-04-10,0.3117073528866585,0.2567526558534833,0.06655343713175146,0.5092532635827252,-0.36229048942526026,0.11836193444717372,2.0881100998025075,-0.2724383255894264,1.69
WKC,2026-04-10,-0.05768861575364337,0.2851505220799189,0.1756180547507345,0.48234278419169957,-0.19551958405617045,0.41386597925747937,-0.42836391669029983,0.037492283347134614,3.35
AMH,2026-04-10,-0.060265182081632784,0.20645626114312876,0.14084107520810607,0.829446668832491,-0.22185133950640568,0.28048393239125013,-0.712163478670155,0.1502614948598442,4.15
BWA,2026-04-10,0.32347899884460785,0.4383053704499587,0.1424331824760434,0.644158623791495,-0.4126722400593344,0.3419993372207871,1.3953838469656448,-0.2488309777083514,1.24
CALX,2026-04-10,-0.18169493594412078,0.4263815058404549,0.1459305628595504,0.5329994092509847,-0.2812956637588754,0.3761758265575956,-0.8354603395301031,0.05618405596504383,0.0
CGNX,2026-04-10,0.15544936686224875,0.6951865490348013,0.11768970022792288,0.8217931847721887,-0.5507785333125638,0.3107983558047786,0.6694859145944417,-0.13460337921331633,0.61
CNM,2026-04-10,0.004508985777333496,0.3329529435672796,0.29793815340426166,0.7001822524468952,-0.23353530211026727,0.7272341760989713,0.0625707037794716,0.05917289567326334,0.0
DINO,2026-04-10,0.10271010947312686,0.4028188527096916,0.06624598869786524,0.7643737212514511,-0.26107291900741386,0.14763832229122215,0.5830407034522204,-0.11941864506192978,3.54
DLR,2026-04-10,0.09370126759492825,0.2385926525633315,0.1587258896841566,0.7127145866243761,-0.222406474610482,0.3970680287363086,0.6953542785446668,0.002636403489751138,2.59
ENR,2026-04-10,-0.2178986556056678,0.4995972882034058,0.1392617914208827,0.5572400331387496,-0.1904581345171501,0.3142597618343017,-0.8206181830337189,0.31730508905351007,6.49
FMC,2026-04-10,-0.41456236150935855,0.8744823547847793,0.13496434679381425,0.6298664162067803,-0.6289544235738843,0.35364550339513257,-0.7217562649961915,0.7197485726999332,1.86
H,2026-04-10,0.06791388996333225,0.37241104962286004,0.2615177677103772,0.7664321039353406,-0.17777172030379051,0.610408322542429,0.42475616341313155,-0.03632952315296811,0.39
HR,2026-04-10,0.023268086760833917,0.1970615018178325,0.1491486914084058,0.6161799852082033,-0.2704238541471579,0.3192538577974485,0.11514399821290036,-0.10311250047521647,5.86
IBOC,2026-04-10,0.07048398160161162,0.25893117970560037,0.2699692478528575,0.8549825106083432,-0.2454543609163394,0.6214591130779041,0.49322687384536557,0.03781841595133373,1.99
IBP,2026-04-10,0.1989726381444663,0.4393255926780024,0.26563773404782626,0.7842821449715243,-0.18931709803100347,0.6151432043138564,0.9506616520157469,-0.1633798889237308,1.16
ILMN,2026-04-10,0.27019187156608027,0.524815444030785,0.08588766785657728,0.5469495722172125,-0.41291156857855105,0.22502619752394257,1.0830384566947286,-0.27478112140963806,0.0
IOSP,2026-04-10,0.0005161432167353208,0.25052299499878933,0.2730732907488129,0.6736050044421843,-0.13222528786546037,0.624245618339889,-0.04369868110986497,0.1467047910013325,2.3
KBH,2026-04-10,-0.09945722422699943,0.354225797284191,0.23928228691797507,0.8713111383312553,-0.17964564572284997,0.5352263100403661,-0.5424841238987637,-0.033838348827626596,1.91
MDU,2026-04-10,0.2140669964809161,0.21124349912314444,0.16727264518387958,0.537905464743042,-0.19717525810798592,0.3786859076176889,1.754093105654553,-0.05417033251454728,2.46
MLM,2026-04-10,-0.006721799395083439,0.2684315913145578,0.2413170443519632,0.8613309261462461,-0.2271496454113431,0.5674920708039419,-0.0769191953658738,0.09459295121490374,0.53
MRNA,2026-04-10,0.8982926632066499,0.7359378737385157,0.15516144088488684,0.4664509268244241,-0.30575954124007804,0.3894253481137649,2.0555991967860527,-0.890310562181299,0.0
MTB,2026-04-10,0.1932206148221034,0.2359940999447087,0.31184437564941264,0.9011509013527724,-0.2640452479750303,0.7314447784928565,1.4451996535901903,-0.01740477689482134,2.69
QRVO,2026-04-10,-0.1164132481713076,0.32905527467353346,0.21124579500917837,0.9587144554460437,-0.2601322699163124,0.5273815337718158,-0.7227843373049958,0.12617926087456988,0.0
RS,2026-04-10,0.16920615135622596,0.23159965353750564,0.23523543782173342,0.7367631770235475,-0.2695910113964024,0.5582416656474971,1.2902188414324507,-0.06559230296439067,1.55
SLAB,2026-04-10,0.5734746104945323,0.7714684912873437,0.1414238040933222,0.7083007290237185,-0.5850042919070898,0.33274266143745657,1.4399241165593892,-0.48237522655422904,0.0
SNDR,2026-04-10,0.2357992419519881,0.41994556590229803,0.240865833413097,0.8347533916110119,-0.2795000178251788,0.5932431891587834,1.1261953525031192,0.0012897126674870085,1.42
TRIP,2026-04-10,-0.2854368868514482,0.5310186455965039,0.20188978355651271,0.5297123935187479,-0.2898124180062218,0.49740289279426414,-1.087559740199072,0.5168668484857598,0.0
UNP,2026-04-10,0.09378206099085329,0.19817578496349875,0.2517770871632332,0.9388734904240263,-0.13470705259504173,0.5533794926283726,0.7936520673113787,-0.1020498821099094,2.2
WH,2026-04-10,0.1294402950464566,0.3088806990167946,0.23859592898530088,0.7344681491148053,-0.12351580492782614,0.546626631692897,0.8084984073255641,0.16732656626988596,1.93
WYNN,2026-04-10,-0.15265761592911287,0.3724209718507954,0.23713192789057508,0.6322220201718773,-0.2224856266232302,0.5806283283303687,-0.8264489669800954,0.22293347642856887,0.95
XNCR,2026-04-10,-0.0635528982168847,0.6821137855274032,0.07952992349451657,0.4815403031765885,-0.29901576614302394,0.22542818683000956,0.07986606760589361,0.0035705325051010872,0.0
YOU,2026-04-10,0.5096430707062258,0.7448892641593359,0.1039271422181069,0.5643462925483228,-0.3610722143190654,0.2409917131128752,1.3846292966741334,-0.42943235050403095,1.22
ATI,2026-04-10,0.9657875245117948,0.40669255245449665,0.2036037258282796,0.7394310073293827,-0.2841691116917027,0.5225552480129957,3.453351772453233,-0.6382289475002326,0.0
BDC,2026-04-10,0.13357705546653542,0.36184009963742614,0.23710641023868317,0.714490244732879,-0.3603608751785717,0.5809165480353357,0.7591805899769674,-0.048503623682166985,0.16
BLD,2026-04-10,-0.08413570389032476,0.41118835275376936,0.28019442621286383,0.7547284071667119,-0.20499196034397382,0.6684989233975291,-0.33289969289802446,0.12367371955230988,0.0
CFR,2026-04-10,0.13743061383981914,0.22751538297706253,0.3008194402881323,0.8565765839882371,-0.19071595153357335,0.692761001133493,1.0654197687562041,0.0036397995544108497,2.76
CRC,2026-04-10,0.29887459429342456,0.31990131175040554,0.09572054252413553,0.7687796112273892,-0.25651589801192043,0.22699087334379564,1.6742628360073304,-0.15535126528415288,2.45
DGX,2026-04-10,0.07579036292178021,0.22999312031133645,0.09548087801162682,0.7136928836417872,-0.2103593857598873,0.17764720270155704,0.5663292427929344,-0.14764199157351643,1.74
DOC,2026-04-10,-0.056404445078647614,0.24168355205102185,0.1575958991145977,0.70657520322894,-0.14642327995548945,0.35934252992159127,-0.5413819937795661,0.028270997832676836,7.31
ENS,2026-04-10,0.6852012575159441,0.4012587623193415,0.21449682100300413,0.7965825963110107,-0.2933591345677231,0.5652051746374503,2.7234254947663596,-0.22493305754546167,0.55
EPAM,2026-04-10,-0.1791669530287171,0.49545244771076774,0.12123474486692727,0.7194253953169669,-0.41345839017594077,0.3180088853053867,-0.6324007859384124,-0.135705741144603,0.0
FIBK,2026-04-10,0.11485495779190047,0.3083193663960931,0.30594404765633315,0.8652414211229906,-0.25792262214010725,0.7248828199438921,0.7256778943977987,-0.11243628472741352,5.49
FISV,2026-04-10,-0.559383928204223,0.7184083744053273,0.15652588965778555,0.8408920056809767,-0.7733664781768865,0.362813464581797,-1.9239763022782432,0.5550592249749124,0.0
IIPR,2026-04-10,0.026658688757817295,0.4054771437007847,0.18932918850135086,0.4448700821183466,-0.15110554611661403,0.4493311916184473,0.22255830197691748,-0.09849190468064062,15.18
INDB,2026-04-10,0.17590832246779375,0.2755006281277361,0.30300431080281615,0.9006065128936837,-0.24528178752300686,0.7025885030888832,1.1672154782642374,-0.050873143538346155,3.15
IPGP,2026-04-10,0.46630900853080237,0.7373433717402743,0.12045228759083246,0.8217931847721887,-0.4698576882751772,0.3114885432393804,1.3263962973917627,-0.358463451318506,0.0
MAN,2026-04-10,-0.2929299034806482,0.524692009345515,0.17126437984469986,0.7122322351466898,-0.30116160767065475,0.3801615790565499,-1.1542563517059845,0.26857815488923065,5.01
MEDP,2026-04-10,-0.05562090259639174,0.4084851601193497,0.13903711489979684,0.5757600957741047,-0.355868220184751,0.37215312024775954,-0.1781369811694148,0.07845193245620663,0.0
MMM,2026-04-10,-0.008815096531192168,0.2864369769998598,0.23541053024660985,0.625658586130695,-0.19905163788384975,0.5547662161482138,-0.07088590516990123,-0.06943886702482016,2.07
MSI,2026-04-10,-0.04311238560513475,0.23349473039767368,0.08361447022372002,0.5119420429857107,-0.30130818866454184,0.17276073275108852,-0.4489425546099517,-0.08197113325317784,1.09
NATL,2026-04-10,0.10548838111628878,0.352099607190529,0.2562537315725372,0.5730687302785296,-0.17857872858922294,0.6077419294121906,0.6267510478728622,-0.1517616098817588,0.0
NOVT,2026-04-10,0.17880856385438593,0.5390940218527446,0.23452812328130576,0.6112244493488137,-0.4000116266217732,0.5858557361992339,0.8100732291108904,-0.25468478801647154,0.0
OTIS,2026-04-10,-0.09983928492347371,0.21692053558429855,0.17717775146116563,0.5323294225665028,-0.26872004106833447,0.3885564692862322,-1.0669060705098634,-0.00969368430915818,2.07
PATK,2026-04-10,0.2244668973496564,0.32729804679468616,0.2529599571801925,0.6848591617185712,-0.21001280071688835,0.5879306930289254,1.2776819155728512,-0.1621832402203488,1.59
PAYX,2026-04-10,-0.29433402013459453,0.25991594189840816,0.15468548275455715,0.8436542271549266,-0.3413582021431811,0.3507400102765332,-2.735488964831216,0.17313057230763085,4.92
PLAB,2026-04-10,0.8874530725844352,0.9194530827082751,0.18934195627331588,0.5932792027839839,-0.3252746970638555,0.4915878652839983,1.7555189958715516,-0.22723185195648565,0.0
SBRA,2026-04-10,0.18020350766911952,0.21073030235556042,0.0077743415350633215,0.7178592859250055,-0.30044487318880037,-0.028238323537485475,1.486322418821708,-0.19248785172517235,5.89
SSB,2026-04-10,0.0037924318612732044,0.2655725918969445,0.31338663047881027,0.9091805966573002,-0.2016438909129219,0.7229661597851582,-0.00028666234748156417,0.11485419943182384,2.41
STWD,2026-04-10,0.011747356132361997,0.16997649966697803,0.2680078250950077,0.724989233798538,-0.12416353268670642,0.6026387945673001,-0.03011065340606989,0.02876158399168882,10.82
SYNA,2026-04-10,0.11642101991956944,0.5020199925185487,0.25722086683914985,0.7669352877886753,-0.23835431518565803,0.6517126784863262,0.6038887260595329,-0.19281321609392188,0.0
TWO,2026-04-10,0.19947045250726303,0.5228136187679931,0.10192102495089662,0.5587895479990762,-0.26802311245099236,0.24216393927086777,0.8765093423471807,0.13868691086561813,12.85
VST,2026-04-10,-0.24468278886874995,0.5425117287811037,0.10167011851281883,0.8242126360105606,-0.2700185511088932,0.2929961319653399,-0.8484876331617035,0.22479068405045366,0.6
AAL,2026-04-10,-0.02452666525120173,0.479073995561121,0.24907504540744654,0.844578222945408,-0.29418758180101545,0.6213048626869476,0.04315620350150765,0.03756840841355591,0.0
AAT,2026-04-10,0.012938087647517804,0.2326461423327921,0.21467480205985043,0.6163202919746368,-0.2630561441793228,0.4716300122287082,0.0425551704651719,0.036441965009384236,7.06
AMD,2026-04-10,0.05659327566281114,0.6062020560925475,0.1137873440211415,0.6736822733683326,-0.41212452883649936,0.347014573039365,0.4171107575437546,0.24357922516938912,0.0
AN,2026-04-10,-0.08363502790195465,0.2838301170582786,0.20985560261536693,0.696511222874456,-0.24532342187837206,0.5227017424970365,-0.6310083173212184,0.17142833332361684,0.0
ASGN,2026-04-10,-0.24821355440938253,0.4738672279196746,0.19490291126291548,0.7139468512551608,-0.25353744781522614,0.45017379879767117,-1.0627118527574966,0.08859118741094318,0.0
BIO,2026-04-10,-0.07396139942121871,0.3365556768689802,0.17073449423267337,0.5876194365087928,-0.26512210824777205,0.42402864413221225,-0.41749918263674596,0.1167004024352648,0.0
CG,2026-04-10,-0.20698626789010366,0.3881669936391533,0.2789944366719515,0.7257247560272925,-0.37143107986082297,0.6913552074526803,-1.1198133964441943,0.16776764303955216,2.91
CLX,2026-04-10,-0.09175927799376893,0.2655886210735835,0.1472903985765662,0.6185932527723047,-0.2344789177622369,0.3102185004680262,-0.7598898892405492,-0.01318991824739224,4.61
CPT,2026-04-10,0.02032285961372149,0.19541631935433895,0.19448835000250056,0.906823410819367,-0.2866777210910128,0.413051455186164,0.0846822032185005,-0.004802108031050301,4.2
CSL,2026-04-10,0.08830141570126848,0.32819365809690465,0.2836872088356948,0.7438776223867848,-0.2889698355322864,0.652288136881949,0.5491741985722869,-0.12841791873946862,1.23
CTAS,2026-04-10,-0.08277019869254587,0.2023701382248902,0.20800171571897874,0.5680845440878738,-0.1869319797748966,0.45890362851323746,-0.9719167691295146,-0.16601458295046412,1.03
CUZ,2026-04-10,-0.13770226198862623,0.29227794325603373,0.2255592552237716,0.9032741498099677,-0.18351013942352612,0.5226206445258952,-1.0217098166307161,0.16727395900844588,5.75
CVI,2026-04-10,-0.14912279490366642,0.5402372188830138,0.03588126865179531,0.6558213824968692,-0.2223089253694272,0.09469037268777541,-0.4156245117260114,0.270988155302217,4.85
DKS,2026-04-10,-0.041292662305632555,0.3490663108994494,0.21858998009235497,0.5689444052897067,-0.23479475101208844,0.5363621543340417,-0.19545415044250944,0.19589564476873478,2.35
DOCS,2026-04-10,-0.7084883453822819,0.5112841878741964,0.08065079287998565,0.5499465174187528,-0.3533916044402523,0.21114732403312905,-4.6549249926523615,0.8604341054773147,0.0
GM,2026-04-10,0.3711286241734342,0.3749089703133011,0.2067275988037976,0.6465786444814636,-0.3120961270421233,0.49632113235370906,1.7641886672820732,-0.2993520698238874,0.94
GOOGL,2026-04-10,0.3189757857615736,0.2881243975289066,0.12888327465806193,0.9972570425513864,-0.3673020878324479,0.3479623700132951,1.9317796280804294,-0.2268982171831485,0.26
LGIH,2026-04-10,-0.13809008088631958,0.5959647230685002,0.25474723035049296,0.8087841402665158,-0.14722475101938248,0.57356285585642,-0.28534093596348453,0.04201547297909369,0.0
MORN,2026-04-10,-0.2604257705686892,0.34210380141855207,0.11033144383353412,0.7521371309288039,-0.28485011214700096,0.26104923773090555,-1.7299553274344446,0.14587947446470095,1.17
MTH,2026-04-10,-0.013978414897340419,0.373055624852477,0.2828137926565866,0.8973863372031674,-0.17525002949480528,0.6491316973200874,-0.008994848908380067,0.034547146746758406,2.88
PARR,2026-04-10,0.6885019247456605,0.5641167515190648,0.020598395648290822,0.7146025024178917,-0.2593750590223116,0.05117560194083174,2.0774986166715053,-0.2064169790997843,0.0
PEB,2026-04-10,0.29827205905388077,0.3486857775319389,0.2667888484692384,0.8160810621974901,-0.11215519784847752,0.6195014817631689,1.5583085423129082,-0.12834036326944886,0.29
PSN,2026-04-10,-0.3504176135401541,0.5066386049756895,0.14387671896146575,0.5632064501207766,-0.1656236250237012,0.34909109375442693,-1.5294229865547808,0.31385737741579467,0.0
ROG,2026-04-10,0.4035422047545285,0.36395146144410323,0.23166781041715592,0.6258321486029222,-0.22949591506704214,0.5682817933386336,1.9416377979412458,-0.12497876661631524,0.0
SFBS,2026-04-10,-0.013869932963209375,0.37530135703226225,0.27498281394458035,0.8506063388030203,-0.2136821760319888,0.640140342822847,-0.006838504769302652,0.10619229491839399,1.91
SHO,2026-04-10,0.07510695480799634,0.25533298349679734,0.25278117944987116,0.7885928280561754,-0.1943173365945744,0.5966650793057813,0.530290829501205,-0.01076986784788525,3.81
STX,2026-04-10,1.278299204525235,0.7685129613591969,0.07485021977806922,0.8871204324482357,-0.3520248857347754,0.24376001022807897,2.481437064196146,-0.3864503185575797,0.59
TAP,2026-04-10,0.006070232079882887,0.28911252548300287,0.0751716207646205,0.5638340948626659,-0.29040642032108827,0.14585156011399292,0.03715624782521784,-0.0027593606340869936,4.3
TDS,2026-04-10,0.14537292457729034,0.2609100959593052,0.18599414061373098,0.43073971526345034,-0.13631535854122298,0.4393171779886114,1.0132885527349498,-0.08041380950106891,0.35
TKO,2026-04-10,0.07486774033587618,0.3149875124379067,0.16580155039727568,0.4521430722258889,-0.1982397876148553,0.3895505360844342,0.4817108350471545,-0.10976706996436991,1.58
ALGT,2026-04-10,0.41480071096308424,0.6663037885916372,0.24713801760838597,0.7472440168167462,-0.22749153535706407,0.6094879349765754,1.3010434876755212,-0.32996147281796595,0.0
APPF,2026-04-10,-0.3681518810332962,0.38219275325651486,0.14332769781793114,0.608214690868529,-0.2712182498472399,0.36670541495721504,-2.3393925512102904,0.018399319816079562,0.0
BAH,2026-04-10,-0.1979438267005046,0.4472245502924239,0.11197718791223292,0.7439912629071855,-0.2850543533771777,0.2777498314041849,-0.8641975631962812,0.25390053296980797,2.97
BLK,2026-04-10,-0.14144997787538627,0.2844201694326893,0.29898318596404927,0.7149529727696556,-0.21653230131537826,0.7239280350013951,-1.0897726516529131,0.2235526907983717,2.29
CDW,2026-04-10,-0.16149997051912823,0.328921617289036,0.22872716769103693,0.593320464521781,-0.27780036187008256,0.5574094153233199,-1.0451680075099983,0.27171696917408183,1.99
COR,2026-04-10,0.019793496631418828,0.26475390583887987,0.04426313725117538,0.7108542591636527,-0.43966431617652435,0.08865638085864541,0.11973283738595761,-0.21688184865383686,0.74
DG,2026-04-10,0.19330473212031474,0.39403868423383975,0.12822189797324185,0.5726504149253023,-0.14843618779656467,0.30043090099909014,0.9874905695689974,-0.620122404885581,1.97
EQIX,2026-04-10,0.2888602824052635,0.25867703051677565,0.08282176207344538,0.6501187967000738,-0.38196773773927367,0.18901520050456985,1.9387178113273136,-0.1554360289311838,1.86
EXLS,2026-04-10,-0.30757324123067087,0.39676840585587414,0.13076896546264336,0.7400235108808737,-0.47116488132905654,0.30895643251653343,-1.763465679910904,0.2308825620329512,0.0
EXP,2026-04-10,-0.1466064416740006,0.3591124411253321,0.253126576670097,0.737968665890518,-0.2730433370476596,0.6076864517066507,-0.8315628788439374,0.22376987526829462,0.51
EXPE,2026-04-10,0.04625386565135492,0.5629133366812037,0.1717446464738084,0.6887847685265411,-0.2732525103537387,0.41707934304596955,0.36184873296275105,-0.15156820435486806,0.73
EXPI,2026-04-10,-0.43376779880385896,0.4264822128221235,0.22872292465082125,0.6068505284711617,-0.16359340998293312,0.5437617697709661,-2.5729639905661577,0.5150698339638281,3.33
FITB,2026-04-10,0.154818352462486,0.2980747009470516,0.3084382321837667,0.890142694689491,-0.2187158380589971,0.7271796731480306,0.9782502074964062,0.05480175753499217,3.19
FOUR,2026-04-10,-0.463273314855018,0.5999487336945105,0.1656863580637333,0.4904403365797704,-0.15829233700203874,0.4043514723910589,-1.8612742732367091,0.3909136001616491,0.0
GPC,2026-04-10,-0.16855658508503746,0.32451142641189323,0.18650287976607946,0.7309797780520205,-0.502640886312905,0.42477296003333265,-1.1107597297999108,0.13391606456526883,3.91
IEX,2026-04-10,0.2162417136692567,0.23524959245281973,0.2811274716748239,0.7701321911097083,-0.19367037309170276,0.6633887343070632,1.6118953635600304,-0.14639070776487273,1.42
JJSF,2026-04-10,-0.11018950995580257,0.3430507846706279,0.027326807149612425,0.5508004407566283,-0.4262211705064194,0.029794903799546302,-0.6333436379186996,0.0896149285847393,3.92
MAS,2026-04-10,-0.05327634966329753,0.32037783903255107,0.28686934728096103,0.7857676210134201,-0.17295376231002552,0.6617902023077493,-0.321339567885579,0.0618205447475213,2.02
MSCI,2026-04-10,-0.03090477539984371,0.2988209794270435,0.09957380367451099,0.7237755395402752,-0.2334486594652064,0.23912433992682705,-0.20721122056751792,-0.02262915737769111,1.5
MZTI,2026-04-10,-0.11509222802240948,0.27503636794369773,0.05100844893487305,0.4970119740140681,-0.3405060966438982,0.08434762741464619,-0.9160345838839682,-0.029532968657772107,2.73
OGN,2026-04-10,-0.12553933802291273,0.7380904666310373,0.07597930148120206,0.3710609734534295,-0.24755781704510169,0.18932848508525618,-0.06365729061953337,0.6950664886243171,1.16
OKTA,2026-04-10,-0.3197351433346842,0.47097611663218153,0.12695533056780361,0.690444077834544,-0.3614520033246142,0.3474237742738067,-1.5015019047419302,-0.11160046039491878,0.0
PIPR,2026-04-10,0.016331337781490873,0.3843778829779955,0.2835160649349447,0.8085948453430151,-0.32703279395684226,0.7035104933145162,0.16409687557401692,0.22013851930927109,0.84
SHC,2026-04-10,-0.02851709866159846,0.3031813678160055,0.2496520704455826,0.6397857380091321,-0.34516992010359493,0.6102054321965164,-0.18465853151625458,0.21395213147454584,0.0
SHOO,2026-04-10,0.13887898613556549,0.4713876035847707,0.2119429728030446,0.6246031516422096,-0.29435536220443603,0.5318908396812466,0.6986381899834497,0.06866393899140555,2.2
SNA,2026-04-10,0.16735739704110708,0.18228853046683555,0.2576925723661702,0.6566286396545127,-0.20655116205480314,0.6170519899086743,1.5665185629800005,-0.09430963538911474,2.54
VNO,2026-04-10,-0.3032791909769956,0.3365775665090724,0.26358045974726285,0.7907813989857856,-0.18598890681273483,0.6320557109149617,-2.121685699800676,0.3839170532208115,2.76
WSR,2026-04-10,0.6524332177824657,0.27837784482265554,0.08003223960113906,0.42642547381891893,-0.2921088747391317,0.14071653061283687,3.62307039780124,-0.22934375045267308,3.01
WWW,2026-04-10,-0.33285837240512317,0.6019056961326023,0.20551494685123625,0.6905086355031711,-0.40343454946202456,0.48897732781640835,-1.1065872909253096,0.42031737645320333,2.33
ZION,2026-04-10,0.11072555025488429,0.36412740061938303,0.2932153647037226,0.921998125085406,-0.21795120160749512,0.6861937445069266,0.6494323911177395,0.08129018160067547,2.91
APA,2026-04-10,0.6753217106528948,0.46195085066935015,0.041274442756008764,0.8205959841523669,-0.2633994454213508,0.10397674086275968,2.3918846924427766,-0.2193894600499725,2.57
AVA,2026-04-10,0.15950206234852615,0.17663627841280258,0.0719163193022457,0.6846119591838905,-0.4134214006967652,0.1110162832810298,1.5344230296505517,0.0014276950070589711,4.66
AVNT,2026-04-10,0.2066983266758653,0.33119554200880785,0.28943584805596084,0.7558568080779339,-0.20328503079252097,0.6891988094572596,1.177832871510534,-0.06980013214399217,2.91
BIIB,2026-04-10,0.1611523328119242,0.3208045229546,0.1403710383944785,0.5553833505596782,-0.1968469169018114,0.33357374548439017,0.9633465406151281,-0.34994820772018176,0.0
CASH,2026-04-10,0.27524728459032133,0.2973919560657621,0.2341111373097967,0.7120868939731456,-0.150263313533793,0.541406548118158,1.6524895194929605,-0.14490765520270077,0.21
CFFN,2026-04-10,0.2377949760536624,0.2761033766503998,0.2734134179887254,0.8522454107211732,-0.1602329301518463,0.6255577107306497,1.5406502085810194,-0.08157613042549139,4.44
CHCO,2026-04-10,0.05865013754437465,0.188963355838238,0.2535634256385717,0.8225288018630066,-0.1616282340932833,0.5606259048858974,0.4745955266785759,0.08193435786007275,2.66
CHE,2026-04-10,-0.09822157401937548,0.31904438273288127,0.06053115608420848,0.6041920638027038,-0.4512924922087541,0.12469111825028446,-0.6218541769964242,0.006211830504464055,0.59
DFIN,2026-04-10,-0.057578820448655366,0.5101352617059707,0.16961685289977668,0.5810591102000097,-0.32705275913457826,0.41160285278841574,-0.0638244205129121,-0.0016148887940313772,0.0
EG,2026-04-10,-0.059620018017892185,0.25469876797068114,0.16332943862629343,0.5950559433496126,-0.24058052543553216,0.35275791107645,-0.5247484942236844,0.10479963122809088,2.38
FTI,2026-04-10,1.0139621945362092,0.30381872031189616,0.15993607400024332,0.6632649575464704,-0.2829204392156288,0.4063709149181859,4.665911300487989,-0.42956057534694514,0.27
HTLD,2026-04-10,0.3233822031371758,0.39523577481892663,0.26480280115665034,0.785508521386488,-0.26181550572153767,0.6430099532343149,1.5170974168117497,-0.053055688495128095,0.72
KOP,2026-04-10,0.41849043303937794,0.3457719456825307,0.20107256242288715,0.5151625410988364,-0.13633362541803745,0.4706326158854417,2.0880057815213457,-0.36125781514859234,0.97
KTOS,2026-04-10,-0.29132426001842826,0.7992013355580525,0.12841575611893505,0.6688359355900488,-0.27953239242653755,0.34947496126413863,-0.5255440059869743,-0.23370750220579806,0.0
MARA,2026-04-10,-0.5287128664257364,0.8776083307424406,0.18581533712775716,0.8367816356162137,-0.28046644587354685,0.4921638071043317,-1.3382004586677978,0.8186425584229176,0.0
MSEX,2026-04-10,-0.005147432429993382,0.346080095313162,0.07572195689558509,0.7070723862943287,-0.3385430852273682,0.12822853292164993,0.020639364750864708,0.13392857164418592,2.52
NXT,2026-04-10,0.4233750822423268,0.652474503637721,0.13971867224726317,0.6132687560565943,-0.27635468439127203,0.38823831544668486,1.3474442269389177,-0.36900585631538163,0.0
OLED,2026-04-10,-0.31589761444570374,0.4091012685342757,0.1636772838052058,0.5465554409626886,-0.30825567444378155,0.45480097117143453,-1.7671562106725889,0.3128211898834774,2.14
OMC,2026-04-10,-0.016701687898351025,0.3967994516453271,0.13592860669443543,0.5321963850527983,-0.2217742150592323,0.3070899066254656,-0.00029118965898312747,-0.15287741464186266,4.27
PFGC,2026-04-10,-0.1213887018529366,0.3123825768068899,0.14812104910451834,0.6282917051383103,-0.2763508612500864,0.33525158785176173,-0.8180840342753972,0.12276909447327666,0.0
PWR,2026-04-10,0.3691593056008584,0.36788912867835627,0.1397450785944032,0.8433809522839525,-0.3286746941706819,0.3930208565400066,1.7901005513678763,-0.26636708519638796,0.08
RSG,2026-04-10,-0.026723461276509375,0.17448241588189994,0.05924921719101913,0.7916531755820219,-0.3665076997551952,0.08443873737349722,-0.4726697590639538,-0.05678182095618933,1.15
ST,2026-04-10,0.237356944906695,0.40557350981753937,0.2842863637568138,0.7745373353192444,-0.33966370778463356,0.7131183798647873,1.1536710200617162,-0.05746803415812318,1.24
TECH,2026-04-10,-0.07397063422110606,0.363706737451194,0.230823384534622,0.6866806308590409,-0.25138685203662864,0.5692219076475197,-0.3639940674784283,0.11577958352246165,0.58
TT,2026-04-10,0.12139223233403373,0.29771733398039224,0.19275567667060783,0.7256918942513921,-0.35904068338911843,0.4762640579456923,0.7788801174412148,0.03494812399336311,0.91
UCB,2026-04-10,0.07490839815674644,0.28094157262944197,0.28924155928060885,0.9126781479236084,-0.18690222390384573,0.6672908588226638,0.5061109009666925,0.14274916840817997,2.87
VRTX,2026-04-10,0.055609140767501675,0.3082413873209908,0.13171682161966167,0.5245027675904068,-0.31157776648137525,0.3197672067155748,0.3652046836419602,-0.30468400665953277,0.0
WAL,2026-04-10,-0.03847906272757928,0.427403443147714,0.3013014985689203,0.8792569101559676,-0.23786831304333608,0.7057749932439781,-0.06844818663092664,0.1704448437396956,2.19
WTW,2026-04-10,-0.17896409297185356,0.2880427303686876,0.11086889868832776,0.7652920540364478,-0.4898989673531723,0.23238442491035205,-1.381144334366287,0.08446183397750673,1.33
XYZ,2026-04-10,-0.23821890766884857,0.5302943579053748,0.1797391754622741,0.6400980312545687,-0.29326360732319856,0.46661725066646403,-0.8536037459858531,0.12516809652001448,0.0
ACGL,2026-04-10,0.044182986012391234,0.1904649928557509,0.08101465145569323,0.7459028192321615,-0.4533831339239658,0.12054892187332233,0.32695894737313125,-0.018356977116894435,0.0
AES,2026-04-10,0.01345155832636058,0.37774590115486595,0.070935458443985,0.4088882383763048,-0.3200699816785265,0.18881920300237443,0.1542436845743971,-0.024820397213440426,4.88
AHR,2026-04-10,0.2345163023579815,0.2369247838339166,0.048154369117286405,0.6468610303302386,-0.32180975186339866,0.10348386349692697,1.7308206036310905,-0.33598092879970953,2.04
ANGI,2026-04-10,-0.5092068070463565,0.619328465367563,0.15640960400798548,0.5183695381652222,-0.3180539908200024,0.39523574058272937,-2.057867427683097,0.2976978449158738,0.0
APLS,2026-04-10,0.5808394854532233,2.042869822026788,0.10009525552524937,0.5716447172851525,-0.2639271595576649,0.2681800467975574,1.0487556895192087,1.4056409510362848,0.0
BK,2026-04-10,0.20772601509600563,0.22744543262097183,0.2516576642450645,0.820979409698772,-0.32087811322199566,0.6262068259772707,1.5982634182712951,-0.023552145576554828,1.65
BRO,2026-04-10,-0.3205864624586803,0.29421132065584527,0.10263118688907866,0.7900444340501908,-0.37388826691649074,0.1901227565686736,-2.6418743678610372,0.25713677456410877,0.94
BX,2026-04-10,-0.2798936490418381,0.36374645001932304,0.24468942443110586,0.8245278587588395,-0.19308951926561135,0.5966610119187538,-1.7533350671271606,0.41863286216703066,4.05
CF,2026-04-10,0.37165346582933645,0.43587078593572903,-0.037958218970315906,0.6043722906897527,-0.3831969864476984,-0.09544713082727385,1.5776474335477755,-0.32170608713070237,1.68
CTSH,2026-04-10,-0.15545128630485539,0.3422463854994245,0.17598413636869023,0.8060487174184601,-0.3101419019894036,0.4270036935184234,-0.9477672206943796,-0.02248457806683757,2.23
DORM,2026-04-10,-0.23454116419986837,0.33174769885438415,0.2174909454140087,0.5738062322491726,-0.25968587492508927,0.4915377608296819,-1.5843529415999316,0.3186383506021918,0.0
EQH,2026-04-10,-0.23265142678280382,0.3413018595810361,0.26381687527953235,0.8437694305942026,-0.22061242485845028,0.6373846183989733,-1.5157072979270052,0.22631317401675177,2.81
EXTR,2026-04-10,-0.1720841476262308,0.40911440301932567,0.18219070094708026,0.5775819736120472,-0.4502019028594438,0.4531483895567235,-0.8247137133039125,0.5034834905133109,0.0
FIS,2026-04-10,-0.3413024362716772,0.29585040249186134,0.16678840773225223,0.729849794234674,-0.33901958010365196,0.39122551580103765,-2.835522549887917,0.16270823751899932,3.62
GIS,2026-04-10,-0.2507042166076281,0.2587064155944962,0.04876083996467105,0.8052786851793827,-0.37340922734395965,0.04841637109856474,-2.2834313912234454,0.027754012641898473,6.64
GNRC,2026-04-10,0.21568172537214814,0.5351269315932942,0.21549876234334353,0.7052617330049478,-0.24618570603668477,0.5480329160035287,0.9166483117468985,-0.28204877218186286,0.0
KO,2026-04-10,0.19169817267300115,0.17008919445881848,0.062955257212658,0.6431116740551264,-0.3615409560508313,0.09312504553629838,1.9111917899816562,-0.15732061080874948,2.63
MTUS,2026-04-10,0.0706061160925664,0.44850943243605257,0.20609847140354087,0.6635798028609198,-0.2989740628035114,0.5016558364002872,0.4401484492978196,0.10299795082675878,0.0
NE,2026-04-10,0.7574974406031012,0.41878085458752495,0.1920385063931599,0.7571957304089151,-0.2099816096992929,0.4648336085451754,2.8240531975416543,-0.4280675140734219,4.03
NOC,2026-04-10,0.07796687457794493,0.272743469884857,0.07990164627495432,0.727226989101763,-0.20648752983006238,0.181727370008484,0.5322073347980962,-0.24116772729787472,1.34
NOV,2026-04-10,0.5015471462680998,0.4011571304908725,0.17956164994577273,0.7155934540356097,-0.26430155248413306,0.4576198518973704,2.137588895219292,-0.3805231271103787,1.61
PANW,2026-04-10,-0.28149831566142347,0.3748720548962644,0.0976777165510327,0.7625282193142321,-0.2989105121055955,0.2599012008027846,-1.70145179293095,0.18889976344081683,0.0
PFS,2026-04-10,0.1727073446603027,0.2913175328118947,0.2725818094166986,0.8826546628014477,-0.18908650078219388,0.6277141427931772,1.0999752575251653,-0.03576230529148361,4.27
PRA,2026-04-10,0.015644556142772714,0.049426068961370695,0.06875938921504071,0.32899786339413073,-0.23194094560008863,0.13145603292722058,-0.21214941630996192,-0.030821246286860116,0.0
REX,2026-04-10,0.43212297076696515,0.34616816486778085,0.10744373266070843,0.44208770713390094,-0.216994741879874,0.2569886129895991,2.1417752414705533,-0.17094585209493807,0.0
SAFE,2026-04-10,0.022941181624509754,0.3464846407906849,0.24584970241289913,0.6201047457132816,-0.2825248466486021,0.5608417961528308,0.1827132272712659,-0.006496215632645352,4.79
SO,2026-04-10,0.03580743857412516,0.17139962643771095,0.02604037639016699,0.8260378517152706,-0.41345839017594077,-0.003384837743397369,0.24777530128977818,-0.004604038343480554,3.03
TRMK,2026-04-10,0.15277764156823936,0.260737317347131,0.3025254212913993,0.8931823868758323,-0.20655648106430616,0.6995157762738972,1.064829182120867,0.012411783232737506,2.2
TSN,2026-04-10,0.28946100446644474,0.24144293974138523,0.10914513689849432,0.43240816408703364,-0.21169978852425073,0.23276287889791272,2.0654841698583746,-0.08500583612448764,3.12
WAFD,2026-04-10,0.14471383985778452,0.2508850946017177,0.2522102722281143,0.8235078371563075,-0.15298682409886927,0.5692699835786081,1.039995776243374,-0.029157682873465873,3.26
AGCO,2026-04-10,0.12714830012836242,0.31714004343454744,0.29030986858054475,0.7506981675327434,-0.18853922369534126,0.6827915199078606,0.781806150220906,-0.12527507270996685,0.95
APG,2026-04-10,0.26307062333202325,0.29775753384532233,0.2627939269520416,0.6930019187477204,-0.2841333152123956,0.6605287167228936,1.5849701916926595,-0.11951167620053915,0.0
CALY,2026-04-10,0.5832402657288336,0.582631316327112,0.18838172371821377,0.5487218082026004,-0.25972946000551855,0.45990138425996324,1.8079944218128037,-0.49297172668370604,0.0
CDNS,2026-04-10,-0.22881233173736104,0.3674979039447206,0.17791017124859548,0.7532371698486822,-0.3012075742686382,0.4762460155268413,-1.3579996340474514,0.05534917655713123,0.0
CHRD,2026-04-10,0.43346453725459355,0.3813294732811813,0.04199136407110795,0.847917482931882,-0.25529308619401236,0.10503878553536991,1.9829728127185196,-0.21460218502913964,3.92
CNC,2026-04-10,-0.02458367063604905,0.5168909816234901,0.09576544236872915,0.4905207848876153,-0.2383161758974808,0.23085294118667019,0.08200830261669649,0.029130505359443615,0.0
CUBI,2026-04-10,0.13354852439160947,0.3662558405315315,0.24856605297130357,0.8023856981479119,-0.2344417064815598,0.5905444916416168,0.7563667034284599,0.05025831710961992,0.0
DCOM,2026-04-10,0.21814905032751764,0.32966399084025644,0.2629848881779948,0.811200666491668,-0.1333234321097935,0.6025951749184979,1.2409705263876325,0.018193489092252824,2.74
JXN,2026-04-10,0.044264895929109205,0.3283455250369873,0.26708427642687205,0.7781774753636288,-0.24600533676931544,0.6382222323341515,0.29949372929945484,-0.12978408237817196,3.48
LH,2026-04-10,-0.03019872821188785,0.24350516571080377,0.20249969139098878,0.7136928836417872,-0.27305358780608685,0.4509927783012349,-0.30896928833946086,0.0017688139514482337,1.05
LKQ,2026-04-10,0.046752675671717814,0.30604936708393626,0.25644484639800313,0.6335643016036862,-0.15512562814144001,0.5887911847786024,0.31155355632676435,-0.09926064127091061,3.99
MBC,2026-04-10,-0.35220366889238985,0.47638879772363973,0.22612776726722106,0.9804581802848228,-0.3537492080879624,0.534558371913209,-1.6814021616780512,0.4122660040232774,0.0
NPK,2026-04-10,0.2479109724713875,0.34788996155766944,0.15422856979749286,0.4399843147174817,-0.32655354892177213,0.36743758796857673,1.334142153680861,-0.24863491414784655,0.7
NTRS,2026-04-10,0.18321399187901743,0.2632224439570892,0.2839525615307249,0.8096955889547558,-0.3277796356420795,0.7019511863314339,1.256415310084229,-0.02813377581108556,2.06
NWBI,2026-04-10,0.11924961178472282,0.2513302535285516,0.2895507810972531,0.8790904662936099,-0.15315717387711353,0.656605104254679,0.8576113288332308,0.07652879531032719,5.83
PAYC,2026-04-10,-0.4497258111473843,0.3900545936241712,0.10850776609773796,0.700034362997922,-0.31394649459443774,0.2659970856440426,-2.9930346808428117,0.25054810833762764,1.31
PFE,2026-04-10,0.1074165014569417,0.22560352916732446,0.17969430842297054,0.5503235843758768,-0.17771578640573832,0.4147357528034448,0.8331119624586519,-0.1306703479145005,6.32
POWI,2026-04-10,0.4726059079516074,0.5850147134756433,0.22676883938466227,0.6825312285689819,-0.29606783774631656,0.5779914962423597,1.5381955502420304,-0.14160438983322954,1.58
PVH,2026-04-10,0.11609069476453038,0.4409642647893758,0.2616825318611035,0.6047647599530644,-0.17940753040663396,0.6163087145604367,0.6242849528431035,0.6436316380630356,0.16
QTWO,2026-04-10,-0.2885678351096703,0.40857954724751666,0.11350109192327752,0.6964867607366794,-0.3358775489751487,0.2822366534051031,-1.5831998265995548,0.0797744218047498,0.0
RCUS,2026-04-10,0.4940633144133406,0.6935824316543568,0.09061365858171744,0.5004553251226174,-0.3081526663729841,0.2549914220492368,1.44854965186765,-0.6447490433543701,0.0
SHAK,2026-04-10,0.08838723461931353,0.44795888724231214,0.22543761951384586,0.6141995557487636,-0.19123763752005798,0.5548338176852523,0.5067431244179992,0.024056003258988046,0.0
SUPN,2026-04-10,0.01605740275892531,0.3899074504260685,0.08049922589859414,0.5797674890591146,-0.5744460484801861,0.19737800318272894,0.1750673129479135,-0.15789499508480787,0.0
TALO,2026-04-10,0.5191115144741747,0.5001649269651157,0.053665161363685626,0.7980065570244324,-0.2812227776485425,0.13440492197755544,1.8537675911809064,-0.2766441749573433,0.0
TER,2026-04-10,1.537896149763263,0.6752715868572191,0.1601643734406269,0.7852820480359554,-0.4262211705064194,0.44693738610556744,3.05330550869064,-0.6046452627323149,0.14
THO,2026-04-10,-0.2163125793987304,0.3951891855479062,0.2213817423662957,0.6333194764152397,-0.16494153069927164,0.5339988503190842,-1.153675184752559,0.0885429883718899,2.59
WSC,2026-04-10,-0.1595955054058611,0.5256209794552524,0.26616332075074617,0.6796252180362727,-0.2313866955079486,0.65949694905638,-0.48919161606873196,0.058826672355930754,1.5
WTS,2026-04-10,0.11083603560055222,0.25171109766790273,0.25404013178442825,0.6506550476473868,-0.2919734224312517,0.599184432457997,0.7956984378151464,-0.14926506048431698,0.68
WU,2026-04-10,0.15870083066187712,0.32576892802122775,0.12797866324676202,0.4406597795367255,-0.20584302814438027,0.30640779733341583,0.9387981243508144,-0.3170281200832211,10.44
XPO,2026-04-10,0.5382436775555257,0.48427923431078657,0.26096207718475195,0.7460312079010956,-0.2602642472024293,0.6258818133748569,1.9452803921366546,-0.2985403240065402,0.0
AMKR,2026-04-10,0.9014532320073403,0.7365432112681473,0.19619621124660405,0.7622806444432761,-0.41941952966841145,0.5341339887899018,2.0648295346795194,-0.15692693091235443,0.6
ARWR,2026-04-10,0.8363837686859066,0.6743516980559708,0.1508082090260664,0.46543463322062106,-0.20761600502974706,0.3922440709261244,2.0778997816674964,-0.42943052624417843,0.0
BLDR,2026-04-10,-0.33030685560445483,0.47796758890230207,0.2836555337661339,0.7843447427585167,-0.13349016815711193,0.6782305610821547,-1.5447593716266712,0.2414642722382423,0.0
BURL,2026-04-10,0.28544556284820266,0.4047336318235911,0.12232438765666291,0.4996274213315261,-0.2741429233004859,0.3137803638345388,1.3484206014659492,-0.08676302918561285,0.0
CHDN,2026-04-10,-0.03182146752705417,0.3300784639865809,0.13984436119929416,0.3965578802158352,-0.1565405211177895,0.3317383801994752,-0.1640999116590125,0.05727519825074778,0.5
EA,2026-04-10,0.01535468873224799,0.06042001916572362,0.07555400371435016,0.4865941289796652,-0.4289926156344496,0.2176969856816141,-0.17304310583550211,0.012098117183819035,0.38
ECL,2026-04-10,0.010748473933098524,0.21893352668874813,0.24720157648571572,0.6596842221586143,-0.20972721299874844,0.5509391571724499,0.010836326425704146,-0.033181001690581136,1.01
FAST,2026-04-10,0.06723759057300316,0.2672952265451166,0.24634466832107843,0.673405985658297,-0.15339732426802902,0.56530745267401,0.46295704772728696,0.037742773723577816,1.83
FOXF,2026-04-10,-0.2803455670868903,0.5816957835130138,0.1707170634581106,0.6038710364398583,-0.4297897643574479,0.4297210241372008,-0.8999918721525189,0.3335143149395261,0.0
GGG,2026-04-10,0.0833917477428634,0.19489751748276948,0.3083459373639774,0.7652334813449486,-0.12459421451405855,0.7083345725482116,0.7047638222541642,-0.08457046541050939,1.33
GRBK,2026-04-10,0.05842941698611348,0.3453114476188941,0.2825874493067479,0.8695508298098964,-0.1965549165729667,0.637987781833727,0.376592149022571,-0.004562036253347168,0.0
HLI,2026-04-10,-0.1945144625824078,0.28618596367455273,0.21888691932447354,0.759937336547931,-0.28292612000656764,0.5285312280770186,-1.527206803852298,0.27399922428677415,1.6
HP,2026-04-10,0.5294657204417281,0.3926626252729969,0.14836759895753293,0.7226059369776722,-0.25777127288585794,0.38310351511485513,2.269725496110616,-0.4418456384767291,2.84
INSW,2026-04-10,0.7078729561624173,0.3888907295249365,0.08241279903619977,0.5967335880654501,-0.22116950467537239,0.21400358894745614,2.8598261686171393,-0.4268531081847867,5.84
IQV,2026-04-10,-0.18353451883851601,0.37638822702167135,0.1747297462965939,0.6727845043360767,-0.38578613741442824,0.45421822340995366,-1.0074933780019064,0.10467976588685046,0.0
KDP,2026-04-10,0.03430203557914169,0.26015202893322664,0.09256532890341111,0.4934535186286556,-0.3088929880988917,0.20101019290862618,0.22445356248044226,-0.12992740269044978,3.48
KFY,2026-04-10,-0.1079678054773423,0.28682901613207407,0.2217404484881794,0.7139468512551608,-0.2363730014976111,0.5214293823399551,-0.8087317593380903,0.09541181594704384,3.44
KMT,2026-04-10,0.853105759446195,0.42087537755222276,0.2550631303088066,0.6679394708725712,-0.2140436409486198,0.6221678819647761,3.063298041541168,-0.7204422022722065,2.05
MBIN,2026-04-10,0.47583736892113304,0.37538758080591045,0.21189149457552428,0.6814567783711915,-0.21568016741989077,0.4838534286990706,2.159030959800279,-0.18438379228644952,0.86
MSA,2026-04-10,0.02262398323814785,0.2609248666875112,0.21822424709062263,0.6657401225056889,-0.23065111079747802,0.534310857429958,0.1381268465403588,-0.1459561600348378,1.24
MSGS,2026-04-10,0.5296915662485753,0.3431664471793047,0.14906281158157222,0.5418532420259949,-0.3561075563411431,0.36549037923925765,2.538783335249161,-0.3387280793439128,0.0
ORCL,2026-04-10,-0.5289792958648082,0.5123644538361816,0.05274803674626564,0.5765665851473294,-0.4533831339239658,0.2061225720442423,-2.781937356012381,0.38595018014199756,1.45
PFBC,2026-04-10,0.06117765527004204,0.28647388114639427,0.2153613311840182,0.7150018754836628,-0.18752722641779923,0.4742059798183885,0.41270878659463167,0.04374756403428426,3.38
PNR,2026-04-10,-0.17706553616134124,0.27736138444614516,0.2732161131129666,0.6425417678843659,-0.2107644997000223,0.6587489597542893,-1.430178189894351,0.16148670215595706,1.15
RDNT,2026-04-10,-0.24306698114353775,0.440617324121563,0.19958453638175125,0.502770875011239,-0.2601113501608398,0.5094262779530468,-1.151631642212066,0.03177885840230987,0.0
RNG,2026-04-10,0.22692099257837905,0.701726050631042,0.12674830063843914,0.511860695099884,-0.30920920282291,0.31364512831986124,0.8467700409894465,-0.5539467767530447,0.81
RNST,2026-04-10,0.09821782925281108,0.28952652172484644,0.29608430589431173,0.8664572317790878,-0.15745568550977188,0.6711176502756694,0.6483540513256789,0.06392248251777932,2.32
VRSN,2026-04-10,0.0006882925172821963,0.28007790198201565,0.07719622291603534,0.5574058520240218,-0.255532738531669,0.16929341698763822,-0.008852014596438891,0.18728048734341596,1.2
VVV,2026-04-10,-0.008823506972369,0.31645975768141577,0.2486639946188763,0.6449250303672901,-0.15153837518620436,0.5684151989088972,-0.03647719924138949,-0.06752368843353829,0.0
VZ,2026-04-10,0.17170106461261625,0.25584946847655665,-0.001592873598497007,0.6576304802496475,-0.45962854585788965,-0.04636767574067089,1.2043300633665377,-0.35509126322830187,5.92
ABNB,2026-04-10,0.06092384187983191,0.31852433903791216,0.25348432745557486,0.6029873083945703,-0.243483989745974,0.620136965069696,0.3982845067117,-0.1618040813593965,0.0
AMWD,2026-04-10,-0.3841663915920921,0.4875604351156245,0.23073277910355558,0.9804581802848228,-0.34695644505757134,0.5434376598894312,-1.840423076809731,0.46425730800425513,0.0
ATEN,2026-04-10,0.31287482059445204,0.3318715215251809,0.14732370489308086,0.5836905935113575,-0.28599651748269894,0.3688456877368091,1.688394875221696,-0.01763979272897409,0.97
BC,2026-04-10,0.25367514476456976,0.40540599334782124,0.2942468335318616,0.7231173816679671,-0.22720487949078702,0.7185256570210394,1.2174067590573685,-0.09888921319680888,2.26
BYD,2026-04-10,0.04867711969655897,0.27267876939832153,0.2504102855314749,0.6990715972816015,-0.18595968436978808,0.5919096176654765,0.3300799437542906,0.048344361564435556,0.85
CAKE,2026-04-10,0.11557308581086634,0.36735183811225847,0.22804522075489955,0.6128737520089125,-0.21594361768315334,0.5393068865101287,0.666282320898619,-0.17700894158782476,2.04
CENT,2026-04-10,0.23774834846980752,0.2697073030027495,0.23395226784762085,0.9841597839951461,-0.21720006173657694,0.5215473223830678,1.5681434844783706,-0.19507119856833788,0.0
CERT,2026-04-10,-0.5772797552108095,0.5405326530081975,0.0898793027909293,0.5499465174187528,-0.3898895823282622,0.2467546425511528,-2.9936386395904178,0.4012521199011584,0.0
CHTR,2026-04-10,-0.1709434077424823,0.3619828450114103,0.16758328522868143,0.6111073090630494,-0.19545131714717623,0.38375894042150727,-0.9822786150517944,0.12150140536984178,0.0
CWK,2026-04-10,-0.11466038579878246,0.4783677338810428,0.2513061443123917,0.8779628927276935,-0.3115953402834616,0.6173893387578888,-0.3620523554031918,0.24986298050867672,0.0
ETR,2026-04-10,0.2479661532192603,0.20263925366299726,0.0972042638972198,0.7133304317609227,-0.34111129633087195,0.2136292079673948,2.0931845740930894,0.028355868709806442,2.18
FCX,2026-04-10,0.5680188913155635,0.4488921169668229,0.20237985008401493,0.6672018580139772,-0.3519382609909773,0.5279893056710024,2.150838166776394,-0.288897112879977,0.9
HAFC,2026-04-10,0.15615021553563513,0.3576435613678701,0.21081788103923108,0.7221871441548366,-0.19602737913171117,0.47290256177017875,0.8786123726700165,0.020323597167491214,3.99
LIN,2026-04-10,0.10321848446828996,0.18529859097756954,0.10993405964154077,0.4103407956567443,-0.26488471836329464,0.21829142606894775,0.9289831399681734,-0.021081924487684867,1.27
LLY,2026-04-10,0.10302024611554916,0.3562821231287364,0.09108491936566628,0.573769477656306,-0.25232275258464987,0.21122584923592955,0.6097826164266212,-0.24149730474934583,0.65
MKTX,2026-04-10,0.009308783290631117,0.26342883098682673,0.034450499735903195,0.43182459016368424,-0.25940356856165486,0.048319529020643084,0.03768416557035748,-0.09795558142211647,1.81
OSW,2026-04-10,0.17800621420146245,0.3401358691015478,0.21567750500636826,0.5589291683790566,-0.2965580945118476,0.5085033809569931,1.0128653102672514,0.16089806001171902,0.81
PRI,2026-04-10,-0.023123810029316627,0.20693246490741887,0.21384148227260347,0.6299506729084814,-0.17616931476655967,0.4768480962699779,-0.3326299310138363,0.09096854372915086,1.64
PRLB,2026-04-10,0.25107162309951336,0.5518542893485875,0.24353197019396725,0.677365158508863,-0.43887778942929273,0.615752383406158,0.9937941037251208,-0.18132513923405047,0.0
RF,2026-04-10,0.11435989247852496,0.2705803527733506,0.3171678065790694,0.9058869322190652,-0.25710019645083015,0.7501277247624604,0.7833033606923375,-0.014448342620877574,3.71
SLGN,2026-04-10,-0.013067192609970246,0.33658232922899234,0.2311049845564828,0.705598315798788,-0.5029886776741583,0.5053028882480426,-0.03568509787230429,-0.0102168037342385,2.01
TNL,2026-04-10,0.2932972513808203,0.36886655526977163,0.22587581157507133,0.7218651198350853,-0.2486401404882131,0.5367079183425769,1.4681751354206594,-0.14879211858129593,3.16
TR,2026-04-10,0.07592336254770515,0.2636398657894917,0.04825541816601873,0.4356986432752994,-0.2915324727450104,0.07180135718661435,0.5286318622603453,0.09188991524038415,0.8
UAA,2026-04-10,0.2962578394359403,0.5486351369966823,0.21145655118442472,0.985680672352449,-0.23244792089884084,0.5166079363240154,1.1392840328437814,-0.405556673801048,0.0
URI,2026-04-10,-0.2109640602461843,0.39739201935898383,0.22763516063516667,0.621769087100112,-0.18129074609678053,0.5582390361312746,-1.1078336328607226,0.1794531009713286,1.03
VMI,2026-04-10,0.07459345679474194,0.2682090755039753,0.28718262503339304,0.7539997125049598,-0.3199379951347563,0.7250306172132188,0.5143037323111179,-0.08998334343299952,0.66
VRSK,2026-04-10,-0.3171487561298927,0.3521210916038209,0.0338531132727234,0.6825501097558535,-0.47534125887738987,0.05697050299681076,-2.123571294864182,-0.06268685367484983,1.18
WERN,2026-04-10,0.14310428500355576,0.4291792834726121,0.21526245160788302,0.8347533916110119,-0.2344650629470678,0.521151446013175,0.7428735547561642,-0.005429160433527702,1.77
WST,2026-04-10,-0.02040837155423314,0.3556474662540594,0.18757869703401542,0.5727587641829033,-0.24281072452987085,0.4659854245124839,-0.06312392323338487,0.15246323841182063,0.34
ACN,2026-04-10,-0.28853398555876664,0.37798603671317155,0.18382926042496586,0.8060487174184601,-0.26874128478870335,0.4405625736971075,-1.7381840948292324,0.0815967099596756,3.5
ADAM,2026-04-10,0.18107588821135256,0.2892099229505478,0.22993903286668974,0.7355795077360078,-0.1371786824134595,0.5283588696751619,1.1568472518415132,-0.23117432400631022,11.57
BLKB,2026-04-10,-0.44876298473597487,0.39012032069404673,0.08377202822899579,0.5515976576287063,-0.3641742693088121,0.22816529143754488,-2.985156614305192,0.04063997654495899,0.0
CARG,2026-04-10,-0.004854395627519881,0.37412645708392256,0.12714154942192438,0.5529628484281267,-0.32444196091785615,0.32685755768157204,0.045545269929401076,0.13133825307757707,0.0
CATY,2026-04-10,0.1007096555154634,0.2808957951041459,0.29565163201842937,0.9071296526384587,-0.21908318372238925,0.6862032539724954,0.6763508223704244,0.1032954799679453,2.6
CAVA,2026-04-10,0.32000611947141655,0.6462492775236498,0.18238541377452133,0.5643462925483228,-0.30081932086613017,0.4607403912110881,1.1047614681674092,-0.22703895931289564,0.0
CEG,2026-04-10,-0.24095906750017426,0.5127915189923399,0.07686488912722077,0.7952687928515605,-0.26525889371730677,0.23204306194179838,-0.9092898505419755,0.16415123606428406,0.61
CNX,2026-04-10,0.21110773353491097,0.31289828280632215,0.05638205489186787,0.6890011917228324,-0.20522209735320587,0.13363895133413783,1.252847236610443,-0.2752086939391156,0.0
CROX,2026-04-10,0.2669486160891299,0.4801427578909678,0.1285528933644759,0.6422829969066605,-0.2848453154360966,0.3014597268052833,1.1338983936437614,0.19897774677013302,0.0
CRS,2026-04-10,0.7452276511042255,0.5562717401764076,0.15164287427731674,0.7254043656026328,-0.4277709979093116,0.39119258170503185,2.208650228471521,-0.4597412238832964,0.19
CXM,2026-04-10,-0.2971204215440274,0.3567853867004614,0.11687731706410001,0.7183625270834397,-0.32374550555166487,0.30433293380242776,-1.9316152577030057,0.12322527307255693,0.0
DRH,2026-04-10,0.3589087830753064,0.2843569382395631,0.2630651069804727,0.8334703061343441,-0.1453515359792273,0.599930056605448,2.1646607918630756,-0.18051099358990996,3.57
FUN,2026-04-10,-0.07123040239822243,0.691022040537053,0.20579208685979763,0.5854081950247103,-0.19650811697461235,0.5177144150857667,0.06322644683425518,0.47172176422264567,0.0
HLX,2026-04-10,0.46620579734348233,0.5015169677598449,0.14181583985820004,0.676981492784113,-0.20473985270102774,0.3600566849694293,1.7004578808883446,-0.33181965252035517,0.0
HUM,2026-04-10,-0.3215211902830801,0.5030029700262295,0.13576097092649472,0.7046806290926811,-0.1900870339811577,0.321988102328849,-1.373578532096901,0.6144115409537283,1.79
INN,2026-04-10,-0.10362529396748232,0.3916492339801549,0.23819521382730732,0.7566570098338408,-0.09654252976187383,0.5454862316728945,-0.478889249572195,0.3659327863866696,6.75
LEA,2026-04-10,0.27773616995847306,0.3292071115109131,0.2892721340751167,0.7804385910680951,-0.20045887099410567,0.6833630106470009,1.531715108880237,-0.14963148298191054,2.46
MPC,2026-04-10,0.18773370672997314,0.3556818987894944,0.07895012918537417,0.8398492606472172,-0.3405060966438982,0.19522914733099803,1.0308672777060355,-0.24720651362221935,1.71
MRCY,2026-04-10,-0.016427888415203373,0.5613638225113591,0.17344896558334016,0.6906040111894198,-0.36018737043731264,0.45740690162775555,0.15865179757387324,-0.19562208615638665,0.0
MYGN,2026-04-10,-0.42441859748757327,0.5884987686863611,0.1367788452208613,0.4654569076531051,-0.3023978193074194,0.35660006592998633,-1.6579361675599604,0.23098886306457278,0.0
NDAQ,2026-04-10,-0.09301091542635875,0.27996080128010437,0.17623977622898498,0.7715650381267659,-0.3604238591712629,0.4343142438799658,-0.7150634740393506,0.017093726146791943,1.28
NWE,2026-04-10,0.23636823456402944,0.2062870712797691,0.11904427018915024,0.961749055578648,-0.23691445978894174,0.23353166728808308,1.9691949392894683,-0.09036402263266052,3.75
PATH,2026-04-10,-0.4864937873090939,0.6892812987254204,0.08697519122130343,0.562831719236498,-0.3747714169173739,0.26259443681822225,-1.673846126517643,0.050670004008053104,0.0
RLI,2026-04-10,-0.05271885368541451,0.22592218792358829,0.07681594821059463,0.6610785795365598,-0.3778413462816579,0.10410396209520878,-0.5610161536924032,-0.034330968994627176,1.09
ROCK,2026-04-10,-0.3971479344938612,0.5367176600231875,0.21113427023191844,0.5689378478115502,-0.32865294477068513,0.502856642872951,-1.6975411590383382,0.36950572603848053,0.0
TFIN,2026-04-10,0.29219170630755187,0.4785453874542436,0.24787708529666339,0.6144955909272793,-0.22365214239385783,0.5889760684559224,1.227868375807222,-0.11991835182693278,0.0
THC,2026-04-10,0.016628124880087247,0.41877925526794313,0.0955591135652815,0.5744077250196163,-0.3231184720371323,0.22530471779324732,0.1755548920347423,-0.38527671809995434,0.0
TMDX,2026-04-10,8.846261762229801e-05,0.5373853551086163,0.11785298690804118,0.465465868475946,-0.270848052636469,0.32495470641261953,0.18478384834545894,-0.3088692296565897,0.0
VIR,2026-04-10,0.5645695147266105,0.7700334965744635,0.13761819932172187,0.510833163213867,-0.2949623011128838,0.3485236849435889,1.481937741147575,-0.6430072987160197,0.0
ACMR,2026-04-10,0.17445826561401945,0.784344361057186,0.17249584492276238,0.6617604875494377,-0.3445551937715167,0.4575138258934362,0.7574509799374156,-0.2637393955524492,0.0
AMN,2026-04-10,-0.04598313085228134,0.678019529146592,0.1135298874013715,0.4255444279920924,-0.22531246017287462,0.2730727865460439,0.11963406023636895,-0.2939003283383017,0.0
AMT,2026-04-10,-0.013807507656657836,0.25083031425615,0.08634709785218055,0.829407150367349,-0.24635750310385052,0.1621955400918733,-0.15831269824225025,-0.01611047761886064,3.83
AON,2026-04-10,-0.14147388838654718,0.2665142037271329,0.08361851053164428,0.8078142951748667,-0.42201411947360734,0.14936913102499433,-1.179877161691765,0.09455427780379633,0.92
BANF,2026-04-10,-0.08209314242958998,0.2936397284733434,0.2815051187489472,0.8400324938687352,-0.16015536180355927,0.6449936122727502,-0.5868436631866203,0.186030389272833,1.7
CCK,2026-04-10,0.19015347134322136,0.2728531294305545,0.2086361575225424,0.6406021677257454,-0.19897913651166033,0.4585190147567547,1.2639883117305588,-0.11554619116799114,1.3
CHEF,2026-04-10,0.13782966424749699,0.33493037687145727,0.12646831460271357,0.5012920108812554,-0.2395996303451879,0.3031440268272458,0.8146400882045904,-0.16878849644054184,0.0
CMG,2026-04-10,-0.1672780693246838,0.424571410654213,0.20670591745808292,0.6298664162067803,-0.4059696627932587,0.5099160435556471,-0.7489458553903978,0.15961671241002195,0.0
CRVL,2026-04-10,-0.2852064641021025,0.4737437204251583,0.06921964753252792,0.6770232807574427,-0.4671027501907547,0.15687201625581915,-1.2517472457882768,0.2920089463680824,0.0
D,2026-04-10,0.10390298907642359,0.18437165952414944,0.06928530032838141,0.6938480871508304,-0.2842461676919217,0.10100235975300789,0.9398236221518811,-0.014274380494548433,4.16
DLX,2026-04-10,0.546368641642107,0.3978403230455812,0.1962802625205948,0.5854431820913736,-0.21158320336193084,0.4443619099199891,2.294062351423853,-0.41190937697028585,4.26
DTM,2026-04-10,0.23016764493332942,0.20401289242544798,0.08896574500610759,0.7214680624906459,-0.23690165054729848,0.19322466399612767,1.9388125824991658,-0.25544620418713726,2.59
EPAC,2026-04-10,-0.055911777669395146,0.3239088794774461,0.22507418175410662,0.5917919021618588,-0.20856067832133024,0.5534398912613816,-0.3280903338660244,0.042846553949837385,0.11
ESE,2026-04-10,0.504576152710343,0.329529628769954,0.18972954848203524,0.6612021994494331,-0.316377148917096,0.48700728222338086,2.534894100517742,-0.14036734761240388,0.1
FIZZ,2026-04-10,-0.060960452571262036,0.2539722135317837,0.12961888905200158,0.44226343799433565,-0.23476762772159365,0.2713951978446729,-0.5422925299104829,0.08928430599978499,0.0
FLEX,2026-04-10,0.2793057570964852,0.5251898212444397,0.17812666320307446,0.8258778359181309,-0.3864790377529023,0.4935311434189023,1.1259992301197033,0.0939355179641822,0.0
G,2026-04-10,-0.14463159144086335,0.3904357654904767,0.1555067522213554,0.7008323245596365,-0.32134520889154583,0.37251035673073335,-0.7259922161673774,-0.11477395519488165,2.11
HAS,2026-04-10,0.2412435933925985,0.28897045106456287,0.24085487622486632,0.5851149491325529,-0.18532591122285974,0.5764902797618326,1.5023126022117697,-0.294045869134377,3.01
KKR,2026-04-10,-0.27254482271024727,0.4093972478988617,0.25472362300978585,0.8245278587588395,-0.36051034867120246,0.6263315037016484,-1.4632128376047682,0.34742488267048544,0.8
LZB,2026-04-10,0.049137097105086625,0.4155446804603633,0.17057998583365452,0.5226442550869146,-0.37065763655449646,0.39018121518886373,0.3238255651537454,-0.06110319664027153,2.91
MLKN,2026-04-10,-0.061066723600043504,0.49095605986749774,0.20004816474281303,0.6551832088620804,-0.20256331962187177,0.47932918802579666,-0.08522280513267008,-0.38029956861334924,4.92
NGVT,2026-04-10,0.3980556064181857,0.3986171451227488,0.25316366043243127,0.6690895647356104,-0.41122492420377943,0.6129049568668166,1.792739068418589,-0.038592384249809486,0.0
OVV,2026-04-10,0.46299982824958685,0.3632796281286846,0.053434932257796414,0.8707935448354928,-0.22753717536562934,0.13596499749997984,2.176620160595905,-0.3385584765951848,2.14
PII,2026-04-10,-0.09010211715153216,0.4720780179786473,0.2808061998279725,0.6954715015366723,-0.3036283579138031,0.6764224711134281,-0.2631488312110251,0.13808047967486659,4.82
R,2026-04-10,0.19772287438259184,0.37170451067134397,0.24070499878055662,0.657663873985266,-0.3199938395787864,0.5823056326972157,1.0512372795983127,0.028135131114531142,1.59
RAMP,2026-04-10,-0.06475084399657327,0.36039244876742055,0.13873327292272564,0.6964867607366794,-0.23368855023162613,0.337018188633868,-0.3134540540191909,-0.16700359514744756,0.0
STEP,2026-04-10,-0.28109541124334303,0.45745304085771027,0.2193499611446197,0.7945216008358674,-0.3407142447567683,0.5573291291051495,-1.3138220215177543,0.29661635425420163,3.19
THRM,2026-04-10,-0.14590647857160788,0.3953350326247719,0.25766270105769595,0.6507906348790393,-0.2976768750984969,0.6309441397060134,-0.7168263190447325,0.13384542478825068,0.0
TTC,2026-04-10,0.3261825648025649,0.2634862774310222,0.22534326596898074,0.5829849031430039,-0.12113276865897846,0.5207123463807819,2.126350991194686,-0.2789916634679692,1.59
UPBD,2026-04-10,-0.10651482643394627,0.47541414319251035,0.23336630224089083,0.6789746326754367,-0.41767891226675447,0.5735203784100785,-0.32618866578819905,0.10305533533589917,8.44
ALLE,2026-04-10,-0.16991049531420133,0.24477100471916746,0.2298773274824545,0.717366792168497,-0.4075614368732959,0.5207544985882071,-1.584666397243827,0.1607787638856284,1.42
AROC,2026-04-10,0.44906650703804885,0.2725934885604782,0.2199030019354095,0.7434110124664991,-0.19812142422828344,0.5253340351883682,2.7244978996369027,-0.3972354203112346,2.31
CART,2026-04-10,-0.016884109614627718,0.4009130062910946,0.0687656685720939,0.4637674490865285,-0.23747663023361945,0.1660606590195448,0.0056952651684222845,0.0760667204580705,0.0
CENTA,2026-04-10,0.21647779130568212,0.26092557784266296,0.23510370758596724,0.9841597839951461,-0.23083985649649813,0.5206123533892613,1.4781193228816218,-0.13715393552231137,0.0
CNXC,2026-04-10,-0.39939848385702836,0.6729208029696492,0.16448055899593286,0.5752938093288735,-0.26616222709152415,0.39622620962783506,-1.239908587028001,0.1612703341827898,5.05
COLB,2026-04-10,0.1629252410925346,0.3141996363835737,0.3015754758803023,0.8760540426520546,-0.26185827848734183,0.7116357875276447,0.9889665741362185,-0.002477999029771305,4.94
CPRI,2026-04-10,-0.028766462506278345,0.4635471665755644,0.2495261910808102,0.6246031516422096,-0.2814839123727426,0.6208471119381233,0.012943811315073115,0.20769413252418467,0.0
DOCU,2026-04-10,-0.39607566819757123,0.43795579350533154,0.11292287614219426,0.7183625270834397,-0.32692745352783253,0.296007633433632,-2.19367419508233,0.25371645164877443,0.0
DOW,2026-04-10,0.8033115065351772,0.4879008028106205,0.1388563121003072,0.8663221901211126,-0.2537934340955762,0.3463605087298704,2.5913197238827745,-0.3836415170118228,4.6
EMBC,2026-04-10,-0.32544106008179263,0.39840961638054756,0.18608408617280062,0.46915512338454207,-0.15812738439348586,0.4341041092995616,-1.8965130104600383,0.34067568894254363,6.76
FHN,2026-04-10,0.045887505067668366,0.29842119332676204,0.266435019377973,0.8641381532859315,-0.30905287698572187,0.6297647268694052,0.3094365996900631,0.08704903166326061,2.78
GL,2026-04-10,0.07898487090759843,0.18304791607616339,0.2181929553163524,0.69225024067522,-0.2218923017257319,0.4762039464185113,0.6933750522388454,0.0017267607370263782,0.9
HGV,2026-04-10,0.0754897229177458,0.37368112327302494,0.266669439389249,0.7218651198350853,-0.21160604360100294,0.6536182098694613,0.4632926829988532,-0.011946066955742407,0.0
HMN,2026-04-10,-0.0016968726020836211,0.21460895835766694,0.10426038838827198,0.64566646836856,-0.23104680720530762,0.20113319845078734,-0.10954341565983333,0.09888986379605047,3.2
KHC,2026-04-10,-0.04112054528409592,0.24843599938199754,0.0708754807018173,0.693494218185046,-0.28240258100751686,0.12808731322481862,-0.38952411581199586,0.042234332357863225,6.88
KIM,2026-04-10,0.11641265997673123,0.18133314040423817,0.1999947690796037,0.8307771787357613,-0.22013458057062776,0.41988932345913915,1.0775737354819748,-0.11822465680709104,4.51
KRYS,2026-04-10,0.36578194627169713,0.36464680226805996,0.13763726647281724,0.41348006427007133,-0.211637991307987,0.3404299281292712,1.7880158543134914,-0.3150765284532956,0.0
KWR,2026-04-10,0.019812055164811992,0.41355562992252376,0.25703445073691744,0.6359342326333005,-0.21390014576105504,0.6052610245915327,0.19535545328146367,-0.008247831952774676,1.56
MAR,2026-04-10,0.3365442361691471,0.29241004662283665,0.2642324923418708,0.8388154501322175,-0.22837773387035698,0.6022326418346379,1.9983140521345497,-0.13929524686207972,0.76
MDT,2026-04-10,-0.0805907902066717,0.196135394592457,0.15641451065273912,0.549082566351148,-0.17939034891035596,0.3558159403378669,-0.9857062816683967,0.05680163815779116,3.23
MTD,2026-04-10,0.009919234386081666,0.2609475171833184,0.24783918311215813,0.7694670911480861,-0.30553356471437654,0.6015570781242692,0.040861060330447285,0.1250989579406835,0.0
MXL,2026-04-10,0.2907268378591732,0.625071678707634,0.22598751140293533,0.7139575947897268,-0.2851211205821858,0.5935072050789519,1.066999696818365,0.06772997880768317,0.0
NTCT,2026-04-10,0.2157676070905019,0.3068354514898549,0.1755183889225987,0.621179195295436,-0.2482953833633689,0.44537445552388044,1.2958932787179114,-0.09017278900115211,0.0
NVST,2026-04-10,0.3244179823577342,0.42591882234795797,0.2801298180012828,0.7217542891385986,-0.2783764149914637,0.680493543266406,1.433736022879507,-0.29836145243025003,0.0
PRSU,2026-04-10,0.1876253012228557,0.3724080887985181,0.2630557113157642,0.5871306175870302,-0.28778437784949695,0.6339238705432019,1.0025043589215261,0.002271680591100722,0.0
RH,2026-04-10,-0.3164966524698143,0.6390024506113556,0.24327323105963225,0.6130739960549774,-0.22753237140911092,0.5949313741067122,-0.9399730914845239,0.14306610316003687,0.0
SANM,2026-04-10,0.13248936098980435,0.6799743527990314,0.14744158418665892,0.5933216036778707,-0.2698764821768143,0.39441434509910595,0.6531938589005396,0.08636042924694431,0.0
TTEK,2026-04-10,-0.1174860344797184,0.439785057582869,0.13573188928163288,0.5099299252311513,-0.26896703344238737,0.31733535212370234,-0.45383217473522425,-0.14137004814871867,0.84
UNIT,2026-04-10,0.784784757758038,0.5497987877555353,0.17118941649572594,0.41342831041459355,-0.1727688722960908,0.41956874703265296,2.3187061962339994,-0.09694012317539813,0.0
WEC,2026-04-10,0.05935469204455446,0.1429563511359492,0.0699958298116621,0.8344826588427842,-0.3932358379767098,0.10499868353074453,0.583424490319389,0.03244957760931377,3.21
ABM,2026-04-10,-0.11274957279741127,0.30724210555506004,0.23161510194521545,0.5354629128825784,-0.2310682412210457,0.5295343400431961,-0.7684567392467646,0.04074731153531441,2.94
AGO,2026-04-10,0.008572450961695122,0.20037166659885278,0.22113960383939285,0.6547807796786267,-0.2311823661868853,0.4737444432300117,-0.02979749532224529,-0.064077091902628,1.82
ALG,2026-04-10,-0.0354334296326867,0.3612177680553535,0.1941677837871546,0.5716131765978677,-0.4036894179737828,0.4612222103473178,-0.1345760789313882,0.03920688014889473,0.71
ASO,2026-04-10,0.07223389932894575,0.45380186545505996,0.18674386750981825,0.5131988461183163,-0.16069405252008126,0.4655352320156227,0.4408542911787129,-0.1502962162684227,1.08
AZZ,2026-04-10,0.3556209104529313,0.2839444551865863,0.25257319893583885,0.6228120839168989,-0.21986517978261078,0.620263023310346,2.1514258703097053,-0.16027073793962365,0.57
BA,2026-04-10,0.00986113371672448,0.33297144529109246,0.16063740417879127,0.4583947865744082,-0.19706809730651642,0.4078925808540719,0.09383840128053318,0.013630179096740691,0.0
BANC,2026-04-10,0.063210784528835,0.33344619733346276,0.30043517884491217,0.8677338154172809,-0.3029703973199675,0.707909178506781,0.40906620189068066,0.12320503606908162,2.57
BOX,2026-04-10,-0.33848013354559203,0.3486829917339925,0.09188686547070081,0.6190834453088219,-0.30099016484270136,0.2397941148105642,-2.336842227537505,0.14962942012095193,0.0
CLH,2026-04-10,0.30236412009643354,0.29799673694918244,0.2232033657282489,0.5706536329154367,-0.48256236186838775,0.5299152919645741,1.795731437609165,-0.19366924915330463,0.0
CPF,2026-04-10,0.1526929335959526,0.27985885426914775,0.2583957539076876,0.8727626615820941,-0.1754041373465928,0.57660090054992,1.0103266297519262,0.007554315956646351,3.42
DBX,2026-04-10,-0.25145700968929174,0.30007762568969826,0.08866559998872903,0.5694194148785844,-0.3252746970638555,0.2123144587414733,-1.9375157212894696,-0.06358218513308911,0.0
GBCI,2026-04-10,0.025211192285458317,0.3202904411252483,0.29702667433652913,0.8526923929154157,-0.19482701033458288,0.6934781598868872,0.1825413271047847,0.10451862371055176,2.74
GFF,2026-04-10,0.04877149870873643,0.3288541487975633,0.30596867239189673,0.7368433343438952,-0.2176575344759244,0.7157046705074699,0.32283869394311815,0.04784878800873782,1.13
HIMS,2026-04-10,-0.665921027056649,0.9608264970962967,0.09166840306519894,0.4225063207806273,-0.2835038834665908,0.2682013836357856,-1.8933692817078498,0.36426928451176055,0.0
IDCC,2026-04-10,0.03299751642100612,0.4889870397580358,0.10284789706626951,0.581745964221441,-0.2947716763532809,0.2726017984493304,0.2872047976675328,-0.11981007585057957,0.8
INCY,2026-04-10,0.13309733072916674,0.33883781859195905,0.1462411764288773,0.488231512174653,-0.24434483974880197,0.3623613763969544,0.7844569246075538,-0.11853529929944995,0.0
IRM,2026-04-10,0.057781925234255294,0.33339728483568254,0.20192235722721452,0.7127145866243761,-0.17820114272261303,0.4928329061148374,0.3763454104502778,-0.03361869680980467,3.18
KMB,2026-04-10,-0.1640773248543007,0.29582382536528573,0.07159127982358086,0.526349921314232,-0.4693887032230314,0.14370369022728352,-1.211129986999078,0.11151481530124929,5.23
LRN,2026-04-10,-0.39122928406037216,0.8602355245235989,0.10955201613629992,0.8408920056809767,-0.8061271432574127,0.24646971310904023,-0.5694127811425858,0.29778781709931745,0.0
NABL,2026-04-10,-0.4479434498113276,0.4460523833633948,0.10260301281466745,0.6120445379602529,-0.39422746303576167,0.2557931919711535,-2.5507243220200633,0.32929247985248467,0.0
NFG,2026-04-10,0.11839080087328191,0.18796578273038977,0.08560589994184901,0.538361523390724,-0.2648301293485566,0.17017142563076315,1.0652055187292266,-0.05485438083695959,2.25
NTAP,2026-04-10,-0.19263362700606323,0.34162281259166283,0.2334143698979724,0.6491156028986763,-0.29733242002358207,0.5862183610326193,-1.215881032118944,0.17416232226978523,2.17
PODD,2026-04-10,-0.38374744194535226,0.3395195526864037,0.12037207217174489,0.4708097035255846,-0.3074220372787981,0.29691664837229487,-2.8247698836354607,0.08524092249715409,0.0
RRR,2026-04-10,0.005607158465736672,0.37481909725017865,0.24235701188328804,0.6990715972816015,-0.34988327045228684,0.569273441005498,0.10465158664842071,-0.109919831769698,1.84
TGT,2026-04-10,0.407956223968698,0.3036971190247886,0.201509538587479,0.5142930329472016,-0.20022764077045374,0.4841054666409014,2.282494889369949,-0.29680052778523036,3.68
TNDM,2026-04-10,0.28306341303699845,0.810436596258421,0.11667403839444312,0.4737427244508499,-0.2924115163733741,0.2680113850201971,0.9378204279664317,-0.6641700850513197,0.0
UTHR,2026-04-10,0.27897525402536294,0.3949005937267903,0.027274654385697556,0.3468538718985535,-0.34993179302733074,0.0719713021782978,1.3354140346208767,-0.1736488086138782,0.0
VICR,2026-04-10,2.5160585926492622,0.8984141617576628,0.16910514820889203,0.5486688589521341,-0.3134521405748528,0.443403696447522,3.2186895382651235,-1.284277766175334,0.0
WMB,2026-04-10,0.16487889858612648,0.23332252822555008,0.05669223620326524,0.8060744666635048,-0.24861128216059183,0.12695737785192623,1.251165502426746,-0.20403061209872642,2.88
WSM,2026-04-10,0.0036921018947737583,0.3411153674610514,0.2948971817456653,0.6722341486050559,-0.24955822038680858,0.7146117307445351,0.0644390318630234,0.00734980054963863,1.59
APAM,2026-04-10,-0.10847799994145024,0.2508342255467543,0.28496555722394146,0.7131932939638014,-0.20313909587551324,0.6850134106806708,-0.9690845836422127,0.12892977072016876,8.91
APD,2026-04-10,0.14450801032539018,0.29458271598494634,0.1021995671480548,0.45915854830686736,-0.3282322744363009,0.20737970747600204,0.9242715917973661,-0.007547916581811531,2.43
ASB,2026-04-10,0.06393218526036049,0.2942917537268736,0.32916785810988514,0.9237479813702865,-0.24406621927431055,0.7738471575346316,0.42560306328410574,0.1194177345403784,3.4
BXMT,2026-04-10,0.1382022762418429,0.22541781164243296,0.24975794218569658,0.7161807201798093,-0.14619958235923508,0.5699915346834402,1.0790881559700172,-0.029484676198684445,9.64
COHU,2026-04-10,0.7668741467604838,0.48342753882176037,0.2124168580497755,0.7670229316477701,-0.350696602885513,0.5662391934737719,2.529019187052218,-0.09277593869167888,0.0
CTS,2026-04-10,0.4318581392653369,0.34402773961102034,0.25965340799781517,0.697317767268427,-0.26196565502222763,0.6439093712190643,2.1523361127638188,-0.1207672727395015,0.3
CW,2026-04-10,0.3077288411307102,0.37417038945597886,0.17084938929052007,0.8259847286590659,-0.31317980428378905,0.4626030631807205,1.5177748204610313,-0.19210529347020266,0.13
EXPD,2026-04-10,0.2576245726932431,0.3474351421952368,0.1425641684909351,0.6007678551121646,-0.38611194728027354,0.3384019351359876,1.383293416246649,-0.19242120131852525,1.06
FICO,2026-04-10,-0.4522931590562359,0.49367200455744975,0.1398926445760993,0.6555824893170864,-0.1780877859746707,0.32517820345525256,-2.288004893614159,0.1450131304200638,0.0
FOX,2026-04-10,0.05978583337745591,0.2682788417417778,0.08438467418587733,0.9768565911435858,-0.42079199125855965,0.1913771864757668,0.4090881788776774,0.027880082154068897,1.0
GS,2026-04-10,0.16730240893219328,0.3117796372772512,0.24983665159755872,0.863144204032625,-0.36570436026263714,0.6390452783556843,1.0181721179245564,0.009967987578257342,1.99
HRL,2026-04-10,-0.09215121333075416,0.2676154354288719,0.10616743203769675,0.5443683281522442,-0.4421929915062473,0.2138935076820166,-0.7544196087056951,-0.09780870269217457,5.54
HSTM,2026-04-10,-0.24493379273651272,0.26742530242553325,0.09850538461805679,0.46047000816200273,-0.21883659272494146,0.21124836914122974,-2.1433559156693627,0.21305570486461722,0.64
ICE,2026-04-10,-0.0002199450233824063,0.2603459272732485,0.1657123849556242,0.649359125993119,-0.2684719637628729,0.3775844870428485,-0.03587451419806154,0.01133126755315561,1.28
INGR,2026-04-10,-0.020180740585491463,0.17536906100105382,0.16387169437432378,0.5279271125996425,-0.21969444525658444,0.36686456009381774,-0.39190656193355544,0.10431254268064594,2.85
LNT,2026-04-10,0.11102972047656845,0.1480573401029644,0.08997346769028153,0.8403505975796598,-0.32948081767806686,0.14453795703265168,1.2173575189460584,-0.03212374932374795,2.79
LSTR,2026-04-10,0.3384945652406215,0.39090679688072766,0.229563369881013,0.701548451071654,-0.36316929323693203,0.5592056688244664,1.5951341898482125,-0.062098696113228824,0.94
MMI,2026-04-10,-0.05831514629023771,0.2960445862630784,0.2137381761752429,0.6324623471878544,-0.2000877148541408,0.5119705922595258,-0.40644942067824147,0.06748793780194517,1.89
NVT,2026-04-10,0.34963834985276776,0.4362327284151325,0.16523402109752308,0.7383390639759129,-0.361484915626229,0.4578574017842954,1.5055335977048645,0.01508688243460976,0.65
O,2026-04-10,0.11217148767274665,0.15931654917102323,0.1256597524698535,0.7855277691205411,-0.2638438600420572,0.24795543198292513,1.1552386408643538,-0.13966618350064997,5.12
OFG,2026-04-10,-5.071098681697084e-05,0.2808069458902719,0.20991241471916544,0.7878089700012635,-0.20739648280556675,0.47511400020171457,-0.0120414577003923,0.177841076883973,2.88
PGNY,2026-04-10,-0.21706369561645467,0.6156039601491482,0.05199627598132962,0.5826119330401056,-0.40623930861415847,0.1340057711794972,-0.5656558795269586,-0.010333977680391682,0.0
PLD,2026-04-10,0.21952138207504945,0.21297001727228457,0.24044433428718742,0.7999396315345394,-0.2251132253379995,0.5386753200859017,1.7829610470573147,-0.14588889716240705,3.1
PPL,2026-04-10,0.09419957859971251,0.1710325775510243,0.09808822771375687,0.813971970947124,-0.20894897064129403,0.18074546734524408,0.8949016337070919,0.01630328235570555,2.86
SGI,2026-04-10,-0.0817223888136227,0.397404375009731,0.23476349978974256,0.6775296451537361,-0.23608424597124808,0.5556083738517649,-0.3459827253495537,0.00997515641280855,0.87
TPH,2026-04-10,0.4805440788803592,0.4670669817040466,0.16290228704943652,0.6888035252045116,-0.3024185637563152,0.3701748109521921,1.8117299378262792,-0.42299057746427515,0.0
TWI,2026-04-10,0.10435924268182539,0.48970726967851286,0.255161842207775,0.6463228547561997,-0.2393160562189558,0.6040510307774457,0.5618966714540621,-0.10154822255408058,0.0
UNF,2026-04-10,0.605408636342146,0.46029759119738695,0.09005848596470913,0.5020440547208435,-0.24434483974880197,0.2081448325334641,2.199377951182053,-0.6462737786176285,0.56
WHR,2026-04-10,-0.22400868248505945,0.46622337299681477,0.1923824924878759,0.5616844195097545,-0.2310800334365826,0.4577937468365853,-0.9530876033600469,0.1466777096244325,7.82
AKR,2026-04-10,0.07057448961972823,0.22130340059587175,0.21006446635257922,0.6788366463691682,-0.13806022548799068,0.45624511652890287,0.5373493338625402,-0.05937947566602275,3.93
ALGM,2026-04-10,0.37282062574913755,0.5743321280767533,0.23878148651048506,0.729950540013751,-0.2706317683763258,0.6048511266780071,1.3186924626177179,-0.06914647094472148,0.0
ALLY,2026-04-10,0.06748496561409656,0.3176948192476532,0.29170709875222245,0.7794878492521402,-0.3093172244274404,0.7060775889458772,0.4374438102996333,0.1407237369721447,2.87
BR,2026-04-10,-0.3488506315971803,0.2692662588450435,0.06505436456921423,0.7243740329144586,-0.4073030228711749,0.12063620638974129,-3.230528739933591,0.04330749552604318,2.52
CALM,2026-04-10,-0.14326426806052406,0.2859425366434229,0.03675396087399275,0.2917650251423562,-0.22753237140911092,0.05123407395853502,-1.0976584509979181,-0.13525918886773036,6.18
CRI,2026-04-10,0.23154835057007017,0.5339297378447845,0.19051892916202523,0.5914843572661234,-0.35487643624517834,0.4544451934883922,0.9821343147310146,-0.19456357080661846,2.72
CTRA,2026-04-10,0.4360243939092663,0.2977969374712458,0.027171179359324164,0.7238376652896552,-0.3258228737590613,0.044795790009631346,2.456178742444217,-0.2510312396133999,2.63
CXW,2026-04-10,0.09339164618775575,0.3896178626793991,0.13812865118722864,0.7879749921925026,-0.2983507633062392,0.34453849715103363,0.5479396266479589,0.1597709012741474,0.0
ENPH,2026-04-10,-0.1411059255519881,0.8446727513770097,0.16031654444503393,0.7083007290237185,-0.4136963469343046,0.40138110817088096,-0.02765927473149148,-0.6047444530912228,0.0
FNF,2026-04-10,-0.08812501779868231,0.27217979779767476,0.21654881212962046,0.7414096286010942,-0.20132748407935835,0.46850273428941297,-0.7054367701829498,0.12940281746219506,4.35
GO,2026-04-10,-0.5572445166040187,0.6183257525692057,0.1087050165229185,0.44298132041106975,-0.3186143825244782,0.2424582963006627,-2.3826801792832106,0.9431428715743165,0.0
HZO,2026-04-10,0.09105829813929911,0.5480115585289898,0.2512622273884127,0.5922966718810011,-0.18315770211158688,0.6115280148096208,0.5112583242935704,-0.13909703019711472,0.0
JBGS,2026-04-10,-0.2665049611447494,0.2572172022677853,0.15754442657241888,0.5718935220229547,-0.25951776026139833,0.3803702489501272,-2.4650585165146555,0.2766022339928027,4.95
JBHT,2026-04-10,0.5952573730982076,0.42719348965961007,0.14337826439178275,0.68902659329729,-0.34458829511112704,0.3668014026842824,2.3052545770656603,-0.35623643358328605,0.8
LFUS,2026-04-10,0.5069745316383092,0.403336187090993,0.24712782065248384,0.7319533419066399,-0.29754542864977146,0.6206320928110374,2.1456274813622533,-0.13445743589570824,0.8
LPG,2026-04-10,0.3092158514795391,0.3996235694569863,0.16199138531257568,0.5967335880654501,-0.2970870070642421,0.41153603888410006,1.4520266621100264,-0.12337044786043205,7.01
MCRI,2026-04-10,0.004100425799585805,0.20507986612570975,0.1804547278112419,0.5345320729747735,-0.20701263854528998,0.414402432468165,-0.06724302884051095,-0.033826182819386985,1.21
MIR,2026-04-10,-0.17657115299431725,0.5713882385841288,0.16563822966398156,0.6883447050288651,-0.3769973555802506,0.4563974283572491,-0.4789435495611288,-0.08329686068200037,0.0
MSFT,2026-04-10,-0.28767041885559996,0.2651327548863515,0.056949785045645136,0.5523647039338804,-0.29570167785282486,0.18424093174173223,-2.603345047153765,0.14801767846418878,0.98
MSM,2026-04-10,0.10702420694688142,0.29157295584064713,0.24198905527484088,0.6343674376431249,-0.19662921552300675,0.5550877658708401,0.6994637273387758,-0.034851651827341734,3.62
NWSA,2026-04-10,-0.06640960659298356,0.2645541711792104,0.15690841973475003,0.9400950406489428,-0.21411912847150627,0.3603537156430349,-0.5538178044442237,0.08390797506751146,0.81
PEG,2026-04-10,0.05230622009387109,0.1862586819490766,0.08238303105805547,0.7002759514890529,-0.33057756168064817,0.16004054452925684,0.4137509766089687,-0.008415476554816448,3.19
PSKY,2026-04-10,-0.39891038173588167,0.5867063974062415,0.06538140077291377,0.48664298654770505,-0.32607843048377355,0.14994739167183668,-1.5373244631399714,0.6026648580745904,1.84
PTCT,2026-04-10,0.04120589505647376,0.3476707514062208,0.14008085268339968,0.45116930821495327,-0.28665124985168183,0.3492721528687922,0.28217497487007603,0.030790589892086273,0.0
PTGX,2026-04-10,0.5023119773640055,0.5689541707043538,-0.032935861974458226,0.3246260742374797,-0.3105784489360174,-0.0823598199918911,1.626609273191256,-0.37971268009714587,0.0
RES,2026-04-10,0.4758441758250189,0.49370112028422836,0.10639106155103346,0.49999883416059626,-0.40094497844052596,0.2637555394558818,1.7556989558810665,-0.3752463875994868,2.41
SITM,2026-04-10,0.34296956493398945,0.7881009257045363,0.15380975036785474,0.7102311106532384,-0.3626333787831918,0.39602353671758095,1.0810470546199964,-0.05296465909811032,0.0
TRN,2026-04-10,0.2663792435600596,0.3192443443210405,0.19117335807895275,0.590193683729709,-0.2981762645224176,0.4499967594237493,1.5132998467201872,-0.027718748768886803,3.6
UHS,2026-04-10,-0.08561477619614388,0.32639569653268174,0.07904243839110559,0.6041920638027038,-0.36638809373368386,0.17178558515842227,-0.5201485495038459,0.04325353539627341,0.43
YETI,2026-04-10,0.10838111001371309,0.3748466566649472,0.3016456996729732,0.6887821040348426,-0.22028950080885407,0.7192174803957679,0.6243665710021021,-0.17570083247746815,0.0
ACM,2026-04-10,-0.35960705002950444,0.3573392500365406,0.17520361539467116,0.7287882597266485,-0.2427278184807792,0.4437690123943797,-2.446358831356305,0.24167825089950623,1.33
ADM,2026-04-10,0.16401547983682163,0.27363124340213113,0.10963617280508738,0.6331766237851727,-0.2209399705284687,0.2394652155293675,1.0984561147439362,-0.178557186860535,2.96
AMP,2026-04-10,-0.09568834486040412,0.2840999641386995,0.27429989135884747,0.7623279098539508,-0.3700806965518837,0.6638392686612492,-0.7228928797768124,0.04488996924664357,1.41
CAR,2026-04-10,0.8030231249568844,0.7731554736469692,0.13180651318886186,0.558559370259822,-0.2217742150592323,0.3205639655567116,1.8658305214083808,1.3557020870661405,0.0
CMS,2026-04-10,0.10763562952768635,0.1560118211079518,0.09241701484430155,0.8384588001190855,-0.3045201486882911,0.15679531674360397,1.1235063644042855,0.0003236655990859205,2.85
CRH,2026-04-10,-0.007185736330959758,0.3257227042149604,0.24789302070718536,0.6798149563580012,-0.2880322565972989,0.617285969137245,-0.016141092005329653,0.21990398364485464,1.3
FCF,2026-04-10,0.13962085960902249,0.2488044905891853,0.27824465310106006,0.8874831487238171,-0.21022096736866278,0.6172183887911419,1.0108207377869176,0.07034142906551533,2.86
FUL,2026-04-10,0.1036327944162414,0.3463231689472534,0.260082673337184,0.776905550807949,-0.214524011556186,0.6027174608985162,0.6203241646711155,0.11039086025236222,1.48
GEF,2026-04-10,0.233959667120893,0.22824085852207637,0.2628495954731054,0.6838418792455977,-0.18975177089781667,0.5883438852539762,1.7829481733849941,-0.11088320570034949,3.16
HE,2026-04-10,0.4338168597691485,0.36521577581595727,0.16768158226399382,0.4644885024737541,-0.16232251989170457,0.3822523426150271,2.053605912522289,-0.24565577462920551,0.0
HIW,2026-04-10,-0.2531463758682573,0.296523747254511,0.22234708328162703,0.9032741498099677,-0.25147350077943403,0.5077268010759194,-1.9772080773577383,0.3135364468251026,9.17
MATW,2026-04-10,0.19060793834441458,0.31549224467112963,0.2107130672627254,0.5490667116488991,-0.17801105337526835,0.49732382769726935,1.1350345925134286,-0.1184959656467034,3.79
MCW,2026-04-10,0.42160903702587227,0.3993398619813638,0.17515150995818252,0.5977343229158464,-0.26046424003208396,0.41790257473297454,1.8611728288132827,-0.39278984741268697,0.0
MOS,2026-04-10,-0.2413261298553182,0.4889859934317865,0.13125059318811685,0.5813347875200235,-0.17862446762523634,0.32090241071421455,-0.9811036112740752,-0.05441278838767205,3.48
OXM,2026-04-10,0.12337030408619154,0.6320576060479952,0.1694823514056849,0.5265769645975823,-0.15450715879652363,0.40025108447706037,0.6265597631504061,0.059704839217949,6.48
PEP,2026-04-10,0.10648932411427636,0.20451012766955246,0.04035549703803194,0.6062200146516984,-0.32692745352783253,0.04372746483968363,0.8884126480510293,-0.14582455452705745,3.61
PPG,2026-04-10,0.12675097105636568,0.30683456637960416,0.2661447947407397,0.8028077446872786,-0.24410672631978597,0.6153703123016949,0.7958394018264711,-0.002651694721375275,2.59
PRK,2026-04-10,0.10142637284960054,0.2824019374011994,0.2708084011335168,0.8874831487238171,-0.1309710019661479,0.6084888790387671,0.6783860212471373,0.056439482665480045,2.47
QDEL,2026-04-10,-0.5039201589013128,0.7673456270564522,0.20942321709577022,0.5847009121566716,-0.2809891634805462,0.515504116542046,-1.497554978645281,0.09898958333359331,0.0
SNDK,2026-04-10,5.535317132910085,1.1612597376825124,0.11436002437652817,0.7380856225987659,-0.31422919307610686,0.3365965673259378,3.8131823015024398,-1.624513703393949,0.0
SSD,2026-04-10,0.05104670592896188,0.2877339076182633,0.2576218860010443,0.7737938857448045,-0.17595583919618743,0.5975411277851285,0.3408121094574706,-0.09495808926692817,0.65
TDW,2026-04-10,0.7026722894366346,0.4959802186105297,0.13594217908682793,0.6590044375794158,-0.1607762290957013,0.32188556196497803,2.3255629276262715,-0.329332995961654,0.0
TEX,2026-04-10,0.18304716709603408,0.5419518589215283,0.22574758582818516,0.7052617330049478,-0.25413671760249523,0.5718092419751213,0.8143020904663203,-0.18587782276625775,1.06
TILE,2026-04-10,0.016194530773493643,0.30391407708021856,0.27231426933167713,0.6716634079140719,-0.2558581594410058,0.6367099097983034,0.11593116274338516,-0.0814103850236294,0.45
TPL,2026-04-10,0.3668345649485152,0.5382240422968815,0.08830547331905154,0.4561720548988818,-0.2377494676822174,0.2208919120251283,1.3613367955244349,-0.8106909582991408,0.63
UA,2026-04-10,0.2946809117207998,0.5512706315731553,0.2118762270405281,0.985680672352449,-0.1995603224476692,0.5171856368100468,1.133009957020789,-0.38685541063608064,0.0
VCEL,2026-04-10,0.025633205396824454,0.44298413405501463,0.21745582774791475,0.5174740475260025,-0.16007312853374614,0.5142740398795601,0.2364147304323544,-0.01194580191289163,0.0
VECO,2026-04-10,0.3563920078146319,0.5309448971056668,0.19396917263226404,0.9586917438771548,-0.30279100835637335,0.5011111165589881,1.3429076024625148,0.12535198933064695,0.0
WOR,2026-04-10,0.005349969096319018,0.2867161319148005,0.26047628269667794,0.6304717643503609,-0.16832796991010626,0.6038661469304937,0.029865941765558117,0.2347295486082498,1.37
XOM,2026-04-10,0.37847551626272713,0.2518715172620155,0.018089931551285306,0.8072528618086002,-0.26270386783957517,0.0278682593592153,2.5267526543975976,-0.30614673350993726,2.66
AEE,2026-04-10,0.12696471115609143,0.1538981281324743,0.09824395459576779,0.8403505975796598,-0.3564999848991708,0.1695070748700771,1.3634377535947955,-0.03137085208828527,2.62
AVAV,2026-04-10,-0.552286013963349,0.7530415594276648,0.1025298318147018,0.6688359355900488,-0.2641654526331967,0.2816539548425318,-1.8210794446844973,0.37776511215704867,0.0
BKE,2026-04-10,0.0807054229105908,0.2697936125368097,0.21081056437588422,0.5558079701109712,-0.17165506826242358,0.5031296619218172,0.554229459353367,0.06249957808304263,2.51
CAT,2026-04-10,0.5972293707496745,0.3877809779255501,0.19409961941352832,0.7852820480359554,-0.38200742761384726,0.5142642040221106,2.5170830345762965,-0.2587161969048599,0.77
CBRL,2026-04-10,-0.2813707941250596,0.5308770071275852,0.21066771125888148,0.6118685267573244,-0.148674943344218,0.4936540162015634,-1.071305854948126,0.34686466973714636,3.36
CNR,2026-04-10,-0.060881436023382474,0.5162864328431281,0.04378511309837358,0.8234255845405358,-0.2551178697910523,0.13372926322394602,-0.07328233622653382,-0.06371193614507209,0.45
COST,2026-04-10,0.0672002920526964,0.1916213125637556,0.10181678784195464,0.5445728623798333,-0.21666440269080436,0.20806697043401362,0.5549844167009909,-0.0492821132537169,0.5
CSGP,2026-04-10,-0.5345027638227549,0.45754309383078406,0.12590723817818478,0.6478179577712189,-0.3464572144494453,0.3065615929831548,-3.2161848898454672,0.264725275862413,0.0
DCI,2026-04-10,0.0968342737328165,0.2942714888556869,0.19478026691231357,0.5861801026038794,-0.3759614669022396,0.47340191559779266,0.6360754986257153,-0.10191752852426261,1.35
DTE,2026-04-10,0.09575423323128796,0.15734229548728437,0.10258060042041198,0.8384588001190855,-0.2958793022563802,0.19487505976183567,0.9769499782212262,-0.02022092707437506,2.99
ENSG,2026-04-10,0.13527098139183313,0.2867950638815899,0.08148213635336998,0.6467109515901864,-0.47238694234018075,0.1694256664130507,0.8789026053583171,-0.24866802171041802,0.13
EQT,2026-04-10,0.07739709160186159,0.33715200906987397,0.0706460102494048,0.8265554214718019,-0.1955621204887265,0.1786148996992059,0.4855053776511001,-0.2579766998313425,1.11
EYE,2026-04-10,-0.0567932229908662,0.4743833848490741,0.22419477697598236,0.5275655666985608,-0.18851189326516846,0.5542961826594851,-0.10353283890996391,-0.029111263831558043,0.0
GDYN,2026-04-10,-0.3722760533771269,0.6057573125402463,0.15760681097717952,0.6355505564997194,-0.29163767662250156,0.4027100147136253,-1.3253999994544488,-0.09867649943252288,0.0
HST,2026-04-10,0.28399526752142057,0.2666922048407721,0.2786404333728308,0.7927239126819121,-0.20602723527621797,0.6532720189282882,1.8618538903564164,-0.1400906815517966,4.02
HTO,2026-04-10,0.25981409945723954,0.23913528432352718,0.05809081933386152,0.7555380868245191,-0.3928997316894631,0.09060050308699852,1.8878511831244649,-0.1120393774091013,2.94
IAC,2026-04-10,0.2196947077554816,0.28286329268360294,0.24053903153473438,0.6613818144246032,-0.3147034433549476,0.6043326827351924,1.4048723575261801,-0.07323902458269926,0.0
IR,2026-04-10,0.0981268838804561,0.3313088674756785,0.307417711673395,0.7718177585644985,-0.18692601643819692,0.7260752593722232,0.6030010480245312,-0.08423594587996242,0.09
ISRG,2026-04-10,0.014365873128962203,0.3201534075286643,0.14402099004280997,0.5753284007592948,-0.2889243280619535,0.36438912960383363,0.10908463720777639,-0.21507753070599434,0.0
KD,2026-04-10,-0.5868615597535598,0.914350871813039,0.11337440244607123,0.6164175015907396,-0.6012154470341906,0.27199229912892176,-1.3267997158527354,0.5365822867941685,0.0
KEX,2026-04-10,0.7191630371338273,0.3124400249228186,0.10802737111809359,0.6586104828052818,-0.5233793951037069,0.28488545138363786,3.515631886959424,-0.3478227458551637,0.0
LIVN,2026-04-10,0.19506814040428333,0.33864253647618636,0.20362144176395577,0.515745070382911,-0.22177083873382825,0.4988010295375546,1.1006251500796513,-0.1953758410611679,0.0
NEU,2026-04-10,-0.1747298060127287,0.3335002487580984,0.15198866803373068,0.566239893883869,-0.4078298833706551,0.37225907628654314,-1.1154438427320648,0.2944570480915436,1.81
PJT,2026-04-10,-0.12737511476171104,0.32249293030409065,0.24413052744857383,0.786095822691454,-0.2843542430362542,0.5913478882081655,-0.82221852094245,0.29224389967068265,0.67
RGEN,2026-04-10,-0.19756733001025795,0.37980211456283886,0.23525174252622466,0.691069649365117,-0.30085939450285665,0.5977985747278572,-1.092297585032335,0.1994717362325008,0.0
SATS,2026-04-10,0.6044444165198632,0.5371048927244797,0.1098513847648001,0.44287036759169557,-0.25437671603428297,0.3028216182321367,1.96251662321067,-0.3371796905263763,0.0
SBAC,2026-04-10,0.18819965205612754,0.3777553370995599,0.07837206597614348,0.6843555823143131,-0.30762386848936607,0.1577010999703277,0.983826092696995,0.16037397436973444,2.29
SJM,2026-04-10,-0.10695236897156035,0.2590924770000985,0.08211047250306028,0.5687616535777906,-0.3675200348568921,0.15283534433425755,-0.9184077886546808,-0.21406432266294761,4.76
UFPT,2026-04-10,0.06032828944479829,0.4580589264418494,0.16559960144792915,0.5400472105269059,-0.1906695715397451,0.380004385131708,0.3914053248031047,-0.1535602397832998,0.0
AKAM,2026-04-10,0.2573509974195467,0.5162773090340369,0.09515141505647105,0.4296011002974861,-0.2366174597984637,0.23356509376312,1.07002467835539,-0.49156473832620984,0.0
CACI,2026-04-10,0.07044791783925275,0.35764320861562826,0.09431402425724135,0.6040185472398261,-0.34896684690003593,0.24469331544197057,0.4388632647264915,-0.29052158672654205,0.0
CCI,2026-04-10,-0.08018123764831131,0.2969296158825562,0.12112071664517177,0.829407150367349,-0.24807083573741,0.2671654219428253,-0.5628007533238689,0.07712459955105655,4.91
CNH,2026-04-10,0.10867496360309614,0.3643758131257411,0.25858064992670426,0.7506981675327434,-0.24820433285465698,0.6182422049839781,0.6324040875610542,-0.001644590903030041,0.86
CPAY,2026-04-10,0.04433552945872199,0.40775478595727055,0.21890363036142443,0.5916166368451766,-0.21227095050857073,0.5104810571856276,0.3098987789678318,-0.24495454847846787,0.0
CZR,2026-04-10,0.15065218054729956,0.6074772545283774,0.168139307670117,0.6739268971788355,-0.3603862770741802,0.41141301349722537,0.6899408633897994,-0.4106092377098889,0.0
DRI,2026-04-10,0.052180798559872565,0.269332361641362,0.1667469909200787,0.6727472220252292,-0.20965882535933725,0.38726029773385073,0.3547658443046113,-0.16195419709866865,3.06
DV,2026-04-10,-0.16769364353382354,0.4541022790814209,0.06445705697376422,0.5784496626018197,-0.33910338526166267,0.17516437609698723,-0.6808092275433284,-0.08609319506533564,0.0
EBAY,2026-04-10,0.057824737632155454,0.3879410184765863,0.14100897396575543,0.5433957147109739,-0.3861626492645691,0.36784351140956406,0.3822986728644333,-0.02399314968079236,1.3
EPR,2026-04-10,0.024714924088157897,0.24603144780371192,0.1493005590723344,0.6194442169999121,-0.22038095862667947,0.32593751301448043,0.14808232990880552,-0.12521692703462028,6.69
FDS,2026-04-10,-0.24836908132421331,0.42879863131566476,0.09295606640273699,0.7521371309288039,-0.29791840731914854,0.22009715265464927,-1.2238877669449142,0.302619455652438,2.06
FLR,2026-04-10,0.1314640643843068,0.43755450969517257,0.21019530613487494,0.6392058140092757,-0.33646283154320744,0.5592462378617734,0.6872020186278451,0.04635259132635161,0.0
GOLF,2026-04-10,0.2257745543220815,0.2567751585245498,0.28857512524689577,0.6760288210073824,-0.1837436562616899,0.6985309615913854,1.5587611752974568,-0.1485794029028279,1.03
HTH,2026-04-10,0.1675984882398407,0.243398710250055,0.26147517967569783,0.8193093218863053,-0.14595743237943595,0.5926689915117925,1.2284145008904663,-0.056847640239780506,1.94
IP,2026-04-10,-0.19426972946121457,0.441937262665919,0.25340222356337544,0.7532205933461995,-0.29239091745835055,0.592847171721292,-0.859675550139555,0.07959994137679904,5.03
MGEE,2026-04-10,-0.030247624700697417,0.18894637385800994,0.1328585410213499,0.5959045676216088,-0.321791277530317,0.2407126703425738,-0.4612439056858581,0.19959158412068057,2.31
MTN,2026-04-10,-0.119936295873313,0.3774973531034103,0.1590758414244063,0.45076000525732074,-0.16913456077903874,0.3829321533188349,-0.6106389601089903,-0.017438252963975942,6.85
NBTB,2026-04-10,0.12436765989785381,0.27097622274243516,0.28597877169275565,0.8827253593930254,-0.15478556930572127,0.6467554554590217,0.8478759499821013,0.048681614404415985,3.17
PK,2026-04-10,0.09870170023219105,0.3316091514639693,0.283663945640943,0.8219791505165759,-0.1606259030490274,0.666328823918816,0.605968079523577,0.015532789377560974,8.94
PRDO,2026-04-10,0.016758182724571302,0.3167399742490518,0.12823798136747955,0.7181098707752929,-0.28109198114741063,0.2934944933568161,0.12925149822947132,0.003526030063551233,1.68
RHI,2026-04-10,-0.24484136783795163,0.591412880418901,0.13190042340229455,0.7122322351466898,-0.33704205235525775,0.2965994711963937,-0.7542442050756117,0.2833625344409526,9.55
RRC,2026-04-10,0.11724284808927088,0.34922346452084735,0.062373499009543504,0.8372923731400094,-0.17806919476517744,0.15053765644701694,0.6909813662637971,-0.08457937622818112,0.93
RXO,2026-04-10,-0.0843714486971815,0.7731385153434319,0.2422753314295727,0.6293003143472811,-0.3065813482277383,0.6082956797077712,0.12100325076380881,0.4377734714460968,0.0
SAIA,2026-04-10,0.2704356878192502,0.4966714115996398,0.2645773912945894,0.8560537943444915,-0.2646106306934213,0.6354982133678976,1.1312137843940837,0.03948743422502998,0.0
SON,2026-04-10,0.4317243210711519,0.26355392243388276,0.19657280126512516,0.5761108699798079,-0.2299672416207058,0.44611220730228435,2.7139180709319755,-0.24674413132982542,3.78
SPGI,2026-04-10,-0.1557481805561134,0.32732894665267875,0.12299946345449878,0.886144795277361,-0.35136859591833064,0.2859100665390225,-1.0056353897667671,0.058091358717972774,0.91
SSTK,2026-04-10,-0.1949731402591569,0.5258843753952828,0.18436662593215844,0.49432166560878854,-0.2426327981620647,0.4496580376069522,-0.6504667123149662,0.21982417796499532,8.44
VSAT,2026-04-10,0.542511267157143,0.7924037952886326,0.20372542231202664,0.6338654059706178,-0.23071913446506773,0.5330403212060659,1.4410388051236,-0.18202706243930655,0.0
WAT,2026-04-10,-0.036768116099963555,0.3301814324013991,0.1931022753098971,0.6159071728757717,-0.32449371936942234,0.46186764771211386,-0.18938540548274788,0.1517689102141203,0.0
WINA,2026-04-10,0.02778586439953523,0.3724854216003935,0.20048171486547892,0.48302516250393807,-0.1703949933579795,0.4749455840110574,0.21878393656121692,-0.0685646879799714,0.84
ACI,2026-04-10,0.021157567363734753,0.3329352027474018,0.05339463319930318,0.6353899379650446,-0.36062697280031086,0.0850866184241147,0.15857698997806188,0.06845554718806846,3.43
ALL,2026-04-10,0.01893341138635285,0.22969070543930178,0.08230622272946582,0.7291538555566018,-0.41212452883649936,0.12434288102350374,0.09212554407042149,0.021804806630975726,2.01
AMAT,2026-04-10,0.8309604209795762,0.49434080340474656,0.18430847144144671,0.8868167745828516,-0.37340922734395965,0.5108615100314617,2.630591396805359,-0.36838192836533556,0.53
APLE,2026-04-10,0.13230346190662656,0.22562049845303708,0.2941105390529949,0.8334703061343441,-0.1224696364111798,0.6771325801513476,1.0316831770685855,-0.058538553255056636,7.74
ASTH,2026-04-10,-0.09286656002150873,0.8251993574491109,0.09083139401438385,0.48617176998823747,-0.3200699816785265,0.22731365238048779,0.12595954803131965,0.20315180253164344,0.0
CFG,2026-04-10,0.2640357309034278,0.29659003635407355,0.33013066130252977,0.893454528607453,-0.327412729602002,0.7924665955912024,1.5966576412625926,-0.054854438347312184,2.83
DLB,2026-04-10,-0.12254936912491732,0.2355360912149967,0.1928445053858987,0.5426077820018639,-0.24653194493167185,0.4621879972879129,-1.183831302264861,0.024849046918974937,2.26
DT,2026-04-10,-0.34345606256789807,0.38313437344692913,0.08211621532573841,0.6951386620924105,-0.28490029740653255,0.21626688487586074,-2.129914601799331,0.08780393131575837,0.0
DXC,2026-04-10,-0.12849778316367344,0.47980923211849374,0.18932728071094249,0.6935655430111161,-0.3254060708464487,0.47529165120194666,-0.42598390268233255,0.016832325654462132,0.0
ESI,2026-04-10,0.47166074562876426,0.4414109466930239,0.28844991445071483,0.7583392023025523,-0.26873436494516684,0.7311127083198249,1.888998422518463,-0.11266117861919123,0.86
FCN,2026-04-10,0.10833958979174074,0.2891683700268031,0.05289905289239845,0.5233231329664622,-0.38252476707161526,0.11732604125836349,0.7135283442591442,0.05835725290432092,0.0
HII,2026-04-10,0.4077475268883297,0.3870158392945905,0.14703374299459415,0.6634197690732029,-0.28766240831370393,0.3767687276526154,1.8652799425033009,-0.43805354067662494,1.37
IRT,2026-04-10,-0.03083847131288897,0.2141747033103198,0.19480421545808732,0.8023228399770941,-0.27852210814229367,0.428244442865592,-0.38883502780890566,-0.0421726627671517,4.46
KMPR,2026-04-10,-0.3573108362551136,0.41260568483152577,0.13917668439263223,0.5511757398542385,-0.3882096300198002,0.32878805032226793,-2.0459708913629258,0.5393839852956143,4.0
KSS,2026-04-10,-0.11096947939808166,0.8303392910928749,0.18984778126420981,0.675157564101159,-0.13222719988369358,0.46277492934896286,0.026477648431508568,-0.045872833270505065,3.65
LMT,2026-04-10,0.23959657235899345,0.26711001633119646,0.06107811986882162,0.727226989101763,-0.20713398273041977,0.14356898055135522,1.5936539925267534,-0.3164795858621965,2.16
LQDT,2026-04-10,0.36230975729875525,0.3852159938766712,0.19357107426285464,0.5300023557306364,-0.2794399604583675,0.4644730147124988,1.6955748551073757,-0.2747697392846681,0.0
MANH,2026-04-10,-0.4087759670654276,0.40052440552749735,0.15497365399462393,0.6721820231193294,-0.32532909590069714,0.3837351736562642,-2.5440915425131,0.14617281303361263,0.0
NHC,2026-04-10,0.44616449890527243,0.29770332969808616,0.1493876419784529,0.5156994030002993,-0.2641654526331967,0.3211916493667772,2.5045700291896784,-0.20231202177327223,1.45
PECO,2026-04-10,0.16264391154238345,0.13773786178341205,0.12347574016547773,0.7125009690499622,-0.2900362277795226,0.21770567086059772,1.962620214221021,-0.14257301853097903,3.37
PM,2026-04-10,0.029553546631612138,0.26535216725152433,0.06791713652017597,0.5361843875342128,-0.3747714169173739,0.10509080690624426,0.19166800825015162,-0.12277717760788753,3.65
PRG,2026-04-10,-0.03332760777450172,0.4013116847908884,0.22650727694248574,0.6168059706690957,-0.17951673730723633,0.5372230912280871,-0.08074008374391627,-0.03232513323695063,1.89
PSA,2026-04-10,0.020332049576226474,0.2367908065607656,0.24596580677747645,0.877976232447447,-0.238790140089334,0.5533569086441709,0.10711553641512578,-0.048803604512785315,4.09
PZZA,2026-04-10,-0.13053054719104096,0.5715996182950631,0.06276228912887502,0.3890875862243173,-0.2405568721957872,0.18088395108554992,-0.29227158301956646,-0.07953428428877307,5.18
SCL,2026-04-10,0.10884611265782729,0.4104982745762125,0.21734579548968,0.5617843187489194,-0.36229048942526026,0.5113970310342861,0.6218768033903992,0.09682117868755569,3.05
SXI,2026-04-10,0.23149667424343612,0.3451425851891078,0.2534435626374464,0.6827759947247506,-0.260360986646949,0.637724557598383,1.2625702459801753,-0.16728262044014341,0.5
TEL,2026-04-10,0.03408611645124271,0.3608284287734002,0.2123058419823909,0.7668799631895812,-0.2701518837064277,0.5544679523241308,0.24906774996847386,0.17066733408404444,1.27
TXRH,2026-04-10,-0.017798172475743335,0.2744967987263814,0.18649131760528476,0.6727472220252292,-0.1328001396955573,0.4474145979931613,-0.1528981395142751,-0.08949205959488693,1.82
VITL,2026-04-10,-0.7040979830487011,0.5663410229740902,0.025026693126787743,0.36163045036801966,-0.3023978193074194,0.04059249120739741,-4.111241950637197,0.5461345377845307,0.0
WLY,2026-04-10,0.080501805796797,0.3916253079719169,0.08849950337945972,0.5274188903161194,-0.29840904022948905,0.20462419628539077,0.48078558287450157,-0.0011492502764138823,3.68
AIN,2026-04-10,0.03881107960957131,0.38731770837915575,0.23706550009578817,0.6038710364398583,-0.2821322494816898,0.5798519715774881,0.28176598919114954,-0.034676197404449716,1.97
ASH,2026-04-10,0.18726769578238134,0.3751973781740504,0.24204142197815692,0.6285127315842916,-0.27245721977968385,0.5873398519916925,0.990817854450793,-0.039192640014614755,2.95
AVTR,2026-04-10,-0.41875923871996623,0.5254562126901458,0.1947192766791257,0.6680231534078053,-0.5422486334064428,0.470923092055781,-1.8771374439976212,0.37293457831101784,0.0
BBWI,2026-04-10,-0.2840042805599754,0.6286206217876397,0.15583697927908655,0.44234958336171065,-0.20667101566127957,0.3907335955241262,-0.8088245762393439,0.05503100014848539,4.34
BTU,2026-04-10,-0.09988453125014107,0.5958163552424405,0.056956686679971655,0.8234255845405358,-0.25963647601830114,0.17184807053260243,-0.13184193458799723,-0.3180674728892575,1.08
CMCSA,2026-04-10,0.021813817513625322,0.26116515335589713,0.13372307374701228,0.6111073090630494,-0.24236986550925727,0.28383443622319654,0.13157572465038783,-0.17597807111350117,4.66
CORT,2026-04-10,-0.5271616286702214,0.9933621275263235,0.12144456553864329,0.33981210578119775,-0.15889763519529712,0.31220262798483134,-0.9253483647893846,0.9117742186351891,0.0
CVCO,2026-04-10,0.008957301943870677,0.5025291708469041,0.21333705778852957,0.7751266151726468,-0.33668867797361013,0.4990632002157491,0.2124029366754595,-0.047834339322093244,0.0
ELV,2026-04-10,-0.1080897911759563,0.37006662886027986,0.12465785451517902,0.712282403795713,-0.19117882221824423,0.3009832884852246,-0.5492159754096325,0.25601997480337924,2.17
EOG,2026-04-10,0.24011002677716586,0.2634067427721286,0.02780212972334929,0.8388988060216475,-0.29320886761741666,0.061184414362673495,1.6155992524492913,-0.17178444547891658,2.99
ES,2026-04-10,-0.001808959216241135,0.2707190240978015,0.07516727260509265,0.5041248481944559,-0.37065763655449646,0.15340539984045676,-0.032675735630307366,-0.1013592675904641,4.46
FTV,2026-04-10,0.19254485898084228,0.29472668842698974,0.23786061262107663,0.6391399745445623,-0.2960152731410591,0.550538551918514,1.2034293119483404,-0.1060355080830625,0.43
HXL,2026-04-10,0.3110396640787556,0.340305023526037,0.16756975654106307,0.5989696089602777,-0.3121833948050934,0.4221174579118317,1.6459511078499653,-0.2972451497218025,0.82
INTU,2026-04-10,-0.4659378792102412,0.42625310899845154,0.06142550281780362,0.7597862316677855,-0.33152629954774326,0.1701178839007352,-2.844898985528789,0.10396433731739263,1.28
JLL,2026-04-10,0.09261577647790209,0.37774439275821187,0.22429254361493517,0.9228809208547354,-0.2686367453444533,0.5460596396467117,0.5496962005877599,0.04648750253827827,0.0
MHO,2026-04-10,-0.06854262553111856,0.32807857892427994,0.26574471699732444,0.8430458657198815,-0.15450940305830949,0.596638108099237,-0.40508066003871235,-0.04121569760232502,0.0
MMS,2026-04-10,-0.25251925618565696,0.3748470273858353,0.1177308727888345,0.5705744990666575,-0.4489063040110833,0.28537706629200643,-1.483662574250499,0.021108162308372425,2.01
MWA,2026-04-10,0.19645112333729586,0.2362238021623169,0.2669853903790261,0.6486342848164867,-0.2757146436872241,0.6406856578828205,1.466660901738844,-0.06390263048452027,0.91
NPO,2026-04-10,0.2785729326827475,0.369494490157312,0.2656266175361597,0.7198978480792719,-0.25874384044746984,0.6630263876483683,1.4090248680084143,-0.07810708516742237,0.45
NXPI,2026-04-10,-0.07053151666452939,0.3937568312338252,0.24093304896920822,0.8533685888683165,-0.2659813313569301,0.6158355967712429,-0.29033778619436984,0.09392165411190534,1.97
PSX,2026-04-10,0.23467342642759426,0.3187274490470622,0.08114911125129277,0.8183179743480068,-0.23010710759483813,0.18881164017151464,1.3570999732001527,-0.3511487531654147,3.15
ROIV,2026-04-10,0.7459676794348191,0.4553170830345396,0.11144315549856987,0.569189893675827,-0.42526722219804886,0.3000081462273285,2.5900685826804652,-0.6976105497015169,0.0
SABR,2026-04-10,-0.1767955488171935,1.044017716147473,0.11511021989419208,0.4339116670876619,-0.29638791477235515,0.28640843964266055,0.06721176948262134,-0.21777163856701465,0.0
SEDG,2026-04-10,0.0942760769776454,0.9580291263732572,0.1283452897370812,0.6448774899859238,-0.2800867489626725,0.34787321336692567,0.6049506414859229,0.08241626034089689,0.0
SMPL,2026-04-10,-0.5622457175638798,0.501716418166254,0.054728152402689044,0.4906813055289341,-0.3591580093371219,0.11182100568987052,-3.1283575280388565,0.17131476767808185,0.0
TRMB,2026-04-10,-0.1928274252012988,0.3132511878215012,0.26113473145416544,0.6495660352343168,-0.4158797685284698,0.6641852076547753,-1.3574745225198377,0.08607096913099133,0.0
TSLA,2026-04-10,-0.21008402949177662,0.41006518797270597,0.14867200419522222,0.565172130498045,-0.31720276760269894,0.41053499032626706,-1.0594242704625891,-0.13183681499191036,0.0
VNT,2026-04-10,-0.0631234134548575,0.31371267230013794,0.25617243253279864,0.725257117376333,-0.3561569458125636,0.6297395317899401,-0.39755034606792333,0.013021254385226166,0.27
WFC,2026-04-10,0.07904950504219177,0.2831452244650481,0.2512151572522837,0.8540829388787426,-0.28979841124063993,0.6182764318391974,0.530250363338711,0.11883456362713007,2.09
WY,2026-04-10,0.03222708998363677,0.2564609239135252,0.17215060944765653,0.6305922507736158,-0.20020894712615042,0.3704620236415683,0.20763844423748723,0.0867775932873075,3.38
AFL,2026-04-10,0.010012245611584536,0.16984229303250395,0.1459116612466703,0.6791563065850043,-0.3842870223180891,0.27199287161470687,-0.05075853893708906,0.017526584673773882,2.16
AJG,2026-04-10,-0.3120500384553442,0.3188112744901767,0.1003955216710809,0.7900444340501908,-0.3308584372627111,0.19376779165358363,-2.335159524156925,0.326406449141571,1.28
AR,2026-04-10,0.12872026664735103,0.42132079918924126,0.036123116235484413,0.8372923731400094,-0.2367794477542023,0.1024447209368784,0.6867201187313955,-0.24482417823712266,0.0
ARMK,2026-04-10,0.08954617330742409,0.2575900923471653,0.24386542299479638,0.5680845440878738,-0.17732501206347456,0.5635331796415544,0.6328336667601946,0.0697442081581181,1.1
CHRW,2026-04-10,0.31146493279347176,0.45341291697738495,0.1574901903480117,0.6248235247102442,-0.46793569432253307,0.374825320288175,1.3323483064060029,-0.4064379179601745,1.48
COTY,2026-04-10,-0.5235730084868446,0.44796998093886536,0.11358433181321188,0.5592249156949084,-0.33692997944679365,0.26530109399824053,-3.193961911926975,0.500639053906254,0.0
CVBF,2026-04-10,0.11333172998921959,0.27497414921854774,0.29405576920577003,0.8642874320550817,-0.16419490913599114,0.6764099061079574,0.767526349845469,0.06179750026593844,3.86
DUOL,2026-04-10,-0.7321688160837836,0.6374395936922489,0.11749604538492288,0.5650557433291764,-0.45406766753030264,0.31716526400331313,-3.870997719444874,1.0392556835165176,0.0
EGP,2026-04-10,0.14983587352565753,0.1711610844470212,0.2149686217352305,0.8212489220311185,-0.21229363837877113,0.4802617388374465,1.4788150366885742,-0.09749443616871689,3.22
EVRG,2026-04-10,0.12314629758687978,0.15339114111691224,0.07513609017440352,0.815245922122813,-0.30595228267908303,0.12196376421928481,1.3227429811669749,-0.032832225217691025,3.29
FBK,2026-04-10,-0.041935644587570375,0.30275189616728304,0.29109023167629194,0.8602028019018529,-0.1475450476187514,0.6665413686656018,-0.2750484437044692,0.15746051108847303,1.49
FIX,2026-04-10,0.9191912093215053,0.5937535766352983,0.15024010037933616,0.8290086236849765,-0.3746902745997588,0.4233127937417258,2.436278886384106,-0.44812124349220595,0.14
GATX,2026-04-10,0.13557615249794264,0.2324434072935304,0.22051006268204396,0.5485668134196221,-0.27106449085534357,0.5034066128617547,1.0333865623166234,0.06733189725443722,1.37
GILD,2026-04-10,0.22000599929633302,0.2667539658743571,0.10182294474299021,0.4701898671831654,-0.3191029582562079,0.22825386407931436,1.4743241477661853,-0.27596663650441156,2.31
GLPI,2026-04-10,0.07734403868107687,0.19055809894239514,0.10867236044603647,0.6669333040538371,-0.22473423423139216,0.22661507326374,0.6567823347236162,-0.09560478134346184,6.71
HFWA,2026-04-10,0.17832883547368983,0.3112783832060669,0.28385539758013556,0.8449987894874517,-0.14201397570922766,0.650993151234442,1.079105005043593,-0.03411678722605682,3.45
L,2026-04-10,0.07298706047090753,0.15221523277310958,0.17827859820071762,0.7707906051130945,-0.2957838455680939,0.3593962551941654,0.7262877858127138,-0.059166027649480646,0.23
MASI,2026-04-10,0.18474721174593278,0.554387707468662,0.053000285841760905,0.5390777210674798,-0.5414618593857622,0.12159166789555655,0.7757071543550834,-0.2018722056864901,0.0
NLY,2026-04-10,0.12517098637717639,0.20634726062911843,0.229671153555212,0.7704213833890285,-0.18104084504271528,0.526760476657798,1.0471293961069281,-0.09207034439800221,12.67
PBF,2026-04-10,0.4036379303082571,0.6719040341110958,0.018060829999494012,0.746056704729086,-0.2848453154360966,0.051697524814279694,1.2835464931714355,-0.48580701311503394,2.71
PBH,2026-04-10,-0.09491955721565859,0.2765832710136016,0.15303476286848416,0.47443937266262304,-0.24364636496003136,0.3512260664720346,-0.743327671411582,-0.16398563074552197,0.0
PCRX,2026-04-10,0.028187321491063733,0.4134259821765562,0.08173997004147256,0.3260741872104579,-0.1922358535219015,0.19209633639451695,0.23971729653953333,0.014037721410939952,0.0
PPC,2026-04-10,-0.06334119160311524,0.2654201964457794,0.09013109929549057,0.4511047732756409,-0.28186754889028676,0.1814729806551061,-0.5268050487122738,-0.04969597926841007,0.0
RDN,2026-04-10,0.04518804497527129,0.2375040968752731,0.1234212714376499,0.8258569652444563,-0.2886964318870948,0.24070735829383488,0.3129350106540565,0.07512073118544571,2.95
SKY,2026-04-10,0.21266764033841645,0.47839981553235494,0.21940017952876398,0.7751266151726468,-0.22460119032271833,0.5002406677940515,0.9566611451730219,-0.2306207340627543,0.0
SPNT,2026-04-10,0.2394594759554476,0.2862903135850794,0.16797611814894586,0.5594527561889777,-0.15184335178961988,0.3795514956585675,1.5049205538347086,0.006497810842847729,0.0
SW,2026-04-10,-0.009150014567343656,0.45812544867709665,0.2656681399086043,0.7532205933461995,-0.30784722925780467,0.625537061790213,0.0929265693170129,-0.02206745190475279,4.29
TROW,2026-04-10,-0.11090993243028435,0.2557875690175654,0.26534544265949916,0.6977347319405732,-0.26294355569775235,0.6525134835744034,-0.9661507837990505,0.1870613892939481,5.64
UDR,2026-04-10,-0.0054288106904616384,0.2006488687011944,0.2173389737264354,0.8392977253386059,-0.2718914963763466,0.47551347591637494,-0.16923762128050682,-0.051457067821514046,4.99
WGO,2026-04-10,0.04774893842825523,0.5961856747224561,0.14530325512033807,0.6644237215304429,-0.3528243275975029,0.3331145159162793,0.35978003489858923,-0.22278363096471332,4.25
APTV,2026-04-10,-0.275843294393073,0.3832064799825174,0.242963724520922,0.6106554494313784,-0.20977045283805476,0.5961863435510687,-1.6154361018191798,-0.011381653446600248,0.0
ARE,2026-04-10,-0.39880241994833354,0.48187307365256316,0.17436467151670343,0.70657520322894,-0.21688695879266104,0.39980695764711627,-1.9608122270890975,0.20321804560330559,9.27
BAX,2026-04-10,-0.22911181117669854,0.47102970297977,0.22011243791547488,0.6165628259337874,-0.25283389477883533,0.5274795816033935,-0.9599238622077253,0.13644498986695786,2.08
BCC,2026-04-10,0.09377562987386168,0.3765579335522837,0.2594859081309494,0.8144148148565472,-0.16837466720036956,0.5967760161536517,0.5496416542365312,0.11057042500852343,1.08
BILL,2026-04-10,-0.3160368021557708,0.7187601007440003,0.1372108998294438,0.6297861407732684,-0.4346704060374986,0.37145845206171085,-0.803129584507469,-0.05212442374831827,0.0
BRBR,2026-04-10,-0.5919637800217159,0.6022980647672111,0.08660830466976874,0.3653722808121174,-0.24871326337043578,0.20881009652192153,-2.7616375154230997,0.44023966637298684,0.0
CBSH,2026-04-10,-0.08309610802070222,0.24177569568617166,0.2703603978938275,0.8464310657378067,-0.1323641075118966,0.6116666584291388,-0.7793719024867809,0.1667990501697365,2.15
CC,2026-04-10,0.6835951869057122,0.6413161439576676,0.1963589958489215,0.6086932357767945,-0.24059302030169324,0.4929561477530662,1.895505293352894,-0.1037944134904415,1.6
CHWY,2026-04-10,-0.35058789927677747,0.43352735048473845,0.10850879673045002,0.45983155194690184,-0.26456672388862934,0.2817579777997021,-1.8911003297621152,0.3894899595092963,0.0
CINF,2026-04-10,0.021386685228406144,0.19954673967283176,0.1595078412686318,0.7435795213035605,-0.3188508477009128,0.3178840601031301,0.09749700774313974,-0.024005482725253047,2.17
CYTK,2026-04-10,0.07262478806798645,0.4261456088658511,0.09506770722452201,0.425253065861964,-0.21227419205635129,0.2539818729900317,0.4439988035121212,-0.07171502963551846,0.0
EEFT,2026-04-10,-0.20487523172680344,0.34535818931310647,0.21065167525504128,0.5849835221062408,-0.17593388806834512,0.4872079422152096,-1.2894258635172626,0.05355687584188029,0.0
EXE,2026-04-10,-0.0597453326674946,0.3561388577096711,0.05437086910817199,0.8265554214718019,-0.20282642362685446,0.1263058577798168,-0.29316779493566403,-0.15505659865796306,3.21
FTNT,2026-04-10,-0.0911938784976245,0.3177924313818331,0.1197444428215788,0.6578594571670102,-0.23414549434812068,0.3253094876185569,-0.5830136752015824,-0.04768908313957032,0.0
HOMB,2026-04-10,0.022773151490286248,0.23435271225923088,0.30721598286960894,0.8968461624455016,-0.1730194834000371,0.6997522161378973,0.12695706555830136,0.09145749078924659,2.87
INVA,2026-04-10,0.3744411578053839,0.31388211624490026,0.04589848810469733,0.5749014588417185,-0.3803756130716893,0.08504634354794025,2.059052880513801,-0.20335702479377316,0.0
IPAR,2026-04-10,0.005166733026630288,0.27046250309523345,0.17382684716861682,0.46897399152167885,-0.20908098308779435,0.3995523629127174,0.014380492928205865,-0.02683195381927428,3.49
JAZZ,2026-04-10,0.3988781282727978,0.43992726358073814,0.013456797867627834,0.34233209870501635,-0.33245047650431886,0.040450147752734825,1.6465829572885036,-0.2916584278432035,0.0
JNJ,2026-04-10,0.26907134622360496,0.15772577900789378,0.03492287016081912,0.47322007164624563,-0.32444196091785615,0.051649783746304766,2.8536516207947624,-0.2703916669543398,2.15
KEY,2026-04-10,0.2062187881594113,0.26813188740854615,0.3110727951243344,0.9058869322190652,-0.3117286970061457,0.7448386627138569,1.3845018843973051,-0.023215862370115192,3.79
LII,2026-04-10,-0.049180900300964114,0.3667005036582933,0.2441272411139874,0.7607063301078157,-0.20794926058212426,0.5811844317030536,-0.21000755649603597,0.030348064722023005,1.06
NNN,2026-04-10,0.08367083336921777,0.16266002517998557,0.1476219622837317,0.7855277691205411,-0.20719555765054792,0.2981287481774155,0.812756218851462,-0.12674503448679209,5.45
PAYO,2026-04-10,-0.2491748789278183,0.5050723943197578,0.15319434599794374,0.5640679425511449,-0.3202504862888851,0.3842792001702807,-0.9677285741720308,0.20205418752963744,0.0
PTC,2026-04-10,-0.3407197863951088,0.2968777348788477,0.18309873000556204,0.7061541916721454,-0.29320511760964485,0.4529487883779533,-2.8192659797368926,0.044068048897157985,0.0
RTX,2026-04-10,0.2570900398503033,0.2551547897604515,0.11425106849800447,0.5795435698896272,-0.1922358535219015,0.27589309691309466,1.766106667371989,-0.2881627531585327,1.34
ULS,2026-04-10,0.15339185819941759,0.43212419143555936,0.10039255961796496,0.4221881569860598,-0.24861128216059183,0.24704308258269425,0.7756422547473458,-0.14962441818187566,0.69
USB,2026-04-10,0.20970871588587503,0.23706411310091746,0.3135336616141811,0.8744313741097504,-0.33660582676822387,0.7527451333726627,1.55670993914903,-0.04612709404497628,3.66
VCTR,2026-04-10,0.013274255964758508,0.3086792266804882,0.21887588318113113,0.5905858034160105,-0.2052152232871601,0.5276839554787134,0.10051078642340053,-0.035522960851102625,2.87
WTFC,2026-04-10,0.11733780665119076,0.29880485448362265,0.32011735517455675,0.9196683744040381,-0.25861691597081793,0.7570953031670811,0.7539442513584382,0.030934254870998767,1.39
ZTS,2026-04-10,-0.1710293955366039,0.310371500051077,0.2081044639309993,0.5703537647534416,-0.2631573478135783,0.4948411085928472,-1.1961087288528631,0.1390120736563446,1.77
AMZN,2026-04-10,0.04715899699360193,0.3360617284776895,0.1635649259126668,0.46522581203157354,-0.3798589735708094,0.4300669404633881,0.3140600576636641,0.1669968725083013,0.0
CAH,2026-04-10,0.3752250439456277,0.3333763534924298,0.019085340401420733,0.6787624696420661,-0.6289544235738843,0.01294723184353964,1.9577917978305674,-0.34011009862452246,0.95
CVLT,2026-04-10,-0.5571323297098176,0.6081860129676079,0.13245156526425575,0.5735861086901056,-0.27600452019355665,0.3321741870823937,-2.4119027981886383,0.6482047803350198,0.0
DUK,2026-04-10,0.08759811800629058,0.14597172801343902,-0.0035601458415763414,0.8260378517152706,-0.37907065301121007,-0.0887182871630033,0.9378828610157174,-0.03731310037465574,3.2
EFC,2026-04-10,-0.012345637254990383,0.19417854283202055,0.158541243373972,0.6047899816489599,-0.18883105608753656,0.3537646056533955,-0.25396620384845614,0.11227514828839746,12.39
F,2026-04-10,0.07692777330621214,0.3365242577218145,0.21695969446008997,0.6465786444814636,-0.23548767539867857,0.5208989231820544,0.47982236555750635,-0.09357717502484497,4.9
FHI,2026-04-10,0.08221502671213554,0.22087801722263126,0.24054389382946723,0.6161051774393527,-0.16655953406205057,0.5729913335710214,0.6364254848566706,-0.11328988646005356,2.39
GEO,2026-04-10,-0.03178081773731811,0.5105672889064133,0.13812089379617135,0.7879749921925026,-0.2800676843855723,0.35959494092325667,0.05001899033864324,0.43753436591806705,0.0
GWW,2026-04-10,0.21812726342865085,0.2486287735365532,0.2562889671881032,0.6818958973784557,-0.22224019637515252,0.6020847929654156,1.5516043681446716,-0.09533640753155348,0.77
IBM,2026-04-10,-0.17963186541040688,0.37866413164257984,0.17591196906408701,0.6079109546138276,-0.2682931746056185,0.43251685580316007,-0.9744653259001105,0.04349319385825301,2.83
IDXX,2026-04-10,-0.0945765834679424,0.34493924406089416,0.19162655465801845,0.5960163653352053,-0.36866586263086815,0.46455231490549875,-0.5393214732415941,-0.029468483288784375,0.0
LGND,2026-04-10,0.10953260837907686,0.34962360566906336,0.11330931268518618,0.4026301755947418,-0.24536890835061984,0.28713721107365336,0.6498305360811437,-0.30281749512395584,0.0
LKFN,2026-04-10,-0.023197449378105417,0.26371061576935106,0.2607288051390634,0.8094764399508263,-0.11584303594991684,0.5815206260892491,-0.2113172112526634,0.13743035537474801,3.4
MAA,2026-04-10,-0.0415090471373023,0.1811042150103695,0.20736188349622847,0.906823410819367,-0.28154820488084703,0.4416471278401052,-0.6192910806471881,0.012757159392091544,4.87
MGY,2026-04-10,0.27481437051776014,0.2989715312844885,0.07865383844348899,0.847191017479557,-0.19330220276276866,0.1914589233798782,1.6438089215108251,-0.2054186337508297,2.07
MRTN,2026-04-10,0.304713884835319,0.36807688652911574,0.23475041612360126,0.785508521386488,-0.2610700297291695,0.5686982480730957,1.5241181805462385,0.007488796848846846,1.72
MTX,2026-04-10,0.2162983059587733,0.2683132054842264,0.27291652778644104,0.7006303494578175,-0.15206252638419243,0.6354813522582533,1.4451588680234286,-0.07491907932649233,0.66
NSP,2026-04-10,-0.4455019809697489,0.6639712197430134,0.12581908605038378,0.5515940662101525,-0.323696846725787,0.30656250546990516,-1.511325690727946,0.9787340405878814,9.26
NWL,2026-04-10,-0.19515477098689704,0.5687799335279528,0.17535254161514213,0.612594128759952,-0.44298708455085134,0.41573374006807473,-0.5304458604845004,-0.04928039695373776,7.07
OC,2026-04-10,-0.09844161790609252,0.37692477844380196,0.2679408020470388,0.7300680777157476,-0.25087864045747266,0.6265158123000096,-0.48110453198565806,0.2204434266613693,2.58
PENN,2026-04-10,-0.08441939027891698,0.5696346121083059,0.22586441323148282,0.6739268971788355,-0.25162865366139353,0.5579859087210632,-0.10949717102295882,0.1038120572285417,0.0
PLTR,2026-04-10,-0.3074896490832304,0.5333544712924934,0.0970635213682794,0.6001933487180284,-0.3327650848538159,0.30292949984987366,-1.2000181035378916,-0.008200433529087725,0.0
PR,2026-04-10,0.6547961946584964,0.3165108373735603,0.06287096773919064,0.8707935448354928,-0.2175696988775614,0.14846766073226927,3.235241847221625,-0.36205049251649735,2.99
SLM,2026-04-10,-0.18360484999392823,0.4537591680753991,0.17389456160612748,0.6095242199030363,-0.44676466933408987,0.42533752969306543,-0.7592134460404869,0.22147227036657313,2.43
STAA,2026-04-10,-0.014705890924138765,0.6143048369085161,0.03641649126991595,0.287632535801357,-0.30850335166276843,0.08238307848253179,0.17774198785898418,0.742017557124583,0.0
TJX,2026-04-10,0.17284706754314616,0.1792512705863754,0.16123260283060156,0.5339273327777718,-0.24904837814841718,0.3475567432294476,1.642986647268546,-0.11657991370945342,1.16
TMUS,2026-04-10,-0.12801516985542283,0.24480253752306563,-0.03949971910150051,0.6443032273376532,-0.3923638543621932,-0.15258564347487794,-1.1816174370667458,-0.05125520424737329,2.07
ULTA,2026-04-10,-0.07992521548568932,0.3763897933414589,0.11881050493166753,0.44827470662900104,-0.2160475427735733,0.29680323624812,-0.37105218144566887,-0.3898100387143717,0.0
UVV,2026-04-10,0.024417390584452248,0.2358096780131952,0.07204408122193127,0.6164175015907396,-0.3791130242345197,0.12292130121234779,0.14432340203540264,0.0003554924045660046,6.12
VIAV,2026-04-10,2.3672987031535735,0.7215811863937932,0.12409131917911163,0.6075909650407264,-0.41670437543572175,0.3188703264049144,3.6918882544623717,-0.5861125466962679,0.0
ACIW,2026-04-10,-0.23491790863414252,0.33610882838614936,0.16048589292235793,0.6479338866229786,-0.29379852602931045,0.38423772019814767,-1.563528828737561,0.17820687403831958,0.0
AME,2026-04-10,0.28456754671001216,0.24322764492291532,0.2502370996416584,0.6979861939857916,-0.4532213462254922,0.5993391381456278,2.019950452407345,-0.16315221736405028,0.58
APO,2026-04-10,-0.15990069088956194,0.38820896445011943,0.2171611751884486,0.8088693185768111,-0.2783502654812332,0.5302927633676505,-0.8204862042576053,0.08839306113367551,1.91
BEN,2026-04-10,0.08620964625313254,0.2833579167061841,0.28553358417655134,0.6710506372824587,-0.23544887886310045,0.6854994347901445,0.5780713892322366,-0.06350504048553296,5.27
BRKR,2026-04-10,0.05581142070030798,0.45250077358582036,0.19197943389427988,0.6748181539827689,-0.32539129425847874,0.49126200017919724,0.372210134467961,-0.030516100782514877,0.53
DELL,2026-04-10,0.15848408822633986,0.5605270363013087,0.1331837719301255,0.6287980132260875,-0.31997130711683225,0.35486668989957487,0.7218244352239707,0.19283098204061389,1.39
FBP,2026-04-10,0.06057053421847236,0.283432545446753,0.25078831468173063,0.8369906908459434,-0.14606375090843235,0.5694513693700393,0.40759437023854866,0.1592271020995446,3.48
FCFS,2026-04-10,0.31669679736677137,0.2867586138840316,0.12357648802155877,0.5513725712503532,-0.24910812612568356,0.2797922345473154,1.9285043716471264,-0.1851352470913521,0.84
GNW,2026-04-10,0.014400921152671442,0.23445907789955858,0.23121190430303548,0.64991308318299,-0.18010745720379634,0.5266176341042761,0.05642747236171546,0.10700930683182741,0.0
HL,2026-04-10,0.5199158918545188,0.8025542296940422,0.12234405546880898,0.7898532213744641,-0.3203726372547722,0.3345934828966899,1.3989629514431272,-0.721358965491196,0.08
HPQ,2026-04-10,-0.2984342345569737,0.35534384850221307,0.20335005355162944,0.6224011450178822,-0.24917555657939555,0.49640268392888387,-1.9522475990066703,0.3235323301723416,6.53
JPM,2026-04-10,0.020061007050996782,0.24686139185001926,0.2446520381449981,0.756688564923188,-0.26814896187873166,0.6005035078915164,0.11098720186893272,0.12189491308183109,1.93
KEYS,2026-04-10,0.8805960113116582,0.48569332893446415,0.2061797419096239,0.693179766334363,-0.3248858305016808,0.531855838917572,2.7661297707496972,-0.4233612494605077,0.0
KRG,2026-04-10,0.19337512487048159,0.18524055810123283,0.20386042014157005,0.8218910141629234,-0.19739187807646671,0.43395786185683194,1.784900256211078,-0.19686741326929091,4.6
MIDD,2026-04-10,0.0827053983113224,0.3392025750689207,0.29125607806301307,0.7045317444922262,-0.2199650946954165,0.695133089868219,0.5116338267359412,-0.18730585837731173,0.0
PNFP,2026-04-10,0.02395983938790991,0.3083965420374309,0.3085168687725624,0.8823926618503928,-0.25557641396006603,0.7194158950295726,0.16975933516280944,0.12632316124035814,1.3
RGA,2026-04-10,0.05557092179256773,0.24607836911547515,0.18208768177566162,0.67183448347675,-0.2638023004665222,0.428565843757035,0.38864057928260276,-0.08807019715340136,1.78
SCHW,2026-04-10,0.009008552936322411,0.23549062916931646,0.19260344622465572,0.7690191357948712,-0.31315808322457933,0.4827695687546405,0.012280560101098152,0.016206077607647917,1.32
SEIC,2026-04-10,-0.08606464801230784,0.2413004427694288,0.24980406937684324,0.7380139942523819,-0.30704114257804,0.6011112143387558,-0.8096686400539966,-0.003371077521187704,1.31
SF,2026-04-10,0.04362102368200382,0.2829117502271187,0.2848239039855385,0.7705376160045139,-0.3939117644528123,0.6977203420960718,0.293699354970007,0.053965468512459425,1.63
SWKS,2026-04-10,-0.21616358392333812,0.37987937164762214,0.20617605408390696,0.9587144554460437,-0.25661882756433013,0.5106541054604085,-1.2130627428721823,0.2520255820756585,5.02
TKR,2026-04-10,0.45008544426882047,0.31521924264512335,0.31485915634051537,0.8189977636397792,-0.31416246120167374,0.7738054752370579,2.3990508379379727,-0.3138893148607297,1.31
TMHC,2026-04-10,-0.03963065166239543,0.2994227553417878,0.2644846131359785,0.8973863372031674,-0.17363150807022662,0.5988363122667072,-0.26910202219488943,0.028632450109643215,0.0
VLTO,2026-04-10,-0.1297272718009902,0.22664832372688404,0.17406706280632525,0.5211345284015619,-0.25761503819243486,0.41444187411488054,-1.3122350906069855,0.08577505394629836,0.58
VRRM,2026-04-10,-0.38202723544432204,0.317810932155345,0.13856734851940422,0.5485157266646957,-0.3347007352054631,0.3169594131728067,-3.018762817797057,0.300293446206677,0.0
VSCO,2026-04-10,0.6789455913818525,0.6341995880554496,0.18639990238962423,0.5561405658558302,-0.2730112039054999,0.47525649935416703,1.8948923573159446,-0.4016880693226115,0.0
VTRS,2026-04-10,0.39609040040836274,0.33503966642971855,0.18463778165073833,0.4704452576191241,-0.2277666378451797,0.44671726523670635,2.0459012857222785,-0.39860805619104256,3.53
WD,2026-04-10,-0.4153410410578702,0.4619492405727449,0.16288014231515158,0.5773666559415502,-0.35189755523701605,0.3925439537020137,-2.186869490663222,0.45936466253618613,5.96
WDFC,2026-04-10,0.14117725134247405,0.29496970594244626,0.09569625439008851,0.42615774416397884,-0.32058925374032576,0.16753045478598536,0.9048280270645978,-0.23796308139668954,1.76
BALL,2026-04-10,0.3240121992174281,0.2727038561680764,0.17923081682112016,0.6566512429157241,-0.36922743168181527,0.3748647829509348,2.052856096047533,-0.2494947853386158,1.27
BCO,2026-04-10,-0.07148715777284154,0.363566832524482,0.2493477525956076,0.6476722451765833,-0.2653741217763787,0.5948080244839697,-0.3453576872979992,-0.04452845231006952,0.96
CME,2026-04-10,0.12716868094503253,0.20329459938846084,0.010896922617671062,0.5513294731659751,-0.32520363784585266,-0.01678042238973617,1.0770676505932306,-0.18379368028672338,1.74
CON,2026-04-10,0.051689120085532725,0.26849792106116244,0.19709320612501047,0.5097116462305605,-0.22567432066614593,0.4364272099939392,0.35101761742208276,-0.11104489976407894,1.13
CSCO,2026-04-10,0.19371344247628897,0.30160858657509787,0.13768304498140316,0.51981494094806,-0.341035698747855,0.3533263546032837,1.1957966300543903,-0.07069265512041023,2.02
CSGS,2026-04-10,0.24845055645249015,0.22135134886397378,-0.010312709946997529,0.776983131166078,-0.8061271432574127,-0.0038518577428382095,1.9300713199192823,-0.21923430013053635,1.7
DE,2026-04-10,0.3622452335285411,0.3172056443412496,0.17881099578904489,0.6627164269112138,-0.23144793616741868,0.40876114351198095,1.9854840461622327,-0.24362215946865862,1.05
DY,2026-04-10,0.3646783254605819,0.4203551015310208,0.1713702513449746,0.7419861040369957,-0.28198187130372315,0.45025714465852806,1.598491750499717,-0.18430880771620517,0.0
EMR,2026-04-10,0.11045184051702406,0.3323906584508375,0.29425376104873063,0.7694001595383682,-0.2707521905388793,0.734185250171362,0.6713921712412118,-0.04438580362046185,1.53
EVR,2026-04-10,0.06570104403985266,0.40535293744445494,0.30788193829600335,0.8923400507859411,-0.2807664731760358,0.7560807655679366,0.4146211653086496,0.19808918490494232,1.0
GNTX,2026-04-10,-0.14948240646418354,0.27536885869184047,0.21401517299767142,0.6315092971382036,-0.16930231573647542,0.5095289245308823,-1.2019811472871327,0.20027987825864735,2.16
ITT,2026-04-10,0.25740787078578764,0.34538518078588043,0.17215662619264072,0.6974912525819871,-0.3651515264899841,0.42382376718897063,1.3812673031804743,0.02755993567694126,0.72
KNSL,2026-04-10,-0.2612830530599827,0.346363903096624,0.14334769617679702,0.560585344022028,-0.25576735446147203,0.3014980415307013,-1.7109034558389635,0.23046573575192386,0.28
LW,2026-04-10,-0.3309511827296857,0.48562825765609535,0.11778346089304878,0.5418327561766555,-0.4790796479244833,0.2671169377673348,-1.482847129233845,0.31694316813769363,3.65
LYV,2026-04-10,0.0736825196910802,0.3443277410035005,0.12910459692198079,0.4639184721745159,-0.3648273664299018,0.30304276485915127,0.46357684118030934,-0.1120147065699264,0.0
MCHP,2026-04-10,0.0950974802699116,0.4644213674874583,0.21911012725039627,0.8533685888683165,-0.2773041741097203,0.5676987007961328,0.5277657047665989,0.026992905380865184,2.56
MUR,2026-04-10,0.33567424453766925,0.5080216200597415,0.0762236500012117,0.8072894438315261,-0.31106958189368655,0.1859694441972748,1.3182177029080453,-0.06813995410148244,3.57
NXRT,2026-04-10,-0.165979180959547,0.2610807212525604,0.20866652349785925,0.6242407715335896,-0.17715259020589538,0.4576057976357769,-1.4350004651824757,0.12666495715027715,8.43
OMCL,2026-04-10,0.09897171724439868,0.5045152963229567,0.16370154500878933,0.5431878334773514,-0.351186147277717,0.3961673256407141,0.5453234082298263,-0.3239120612260513,0.0
OPLN,2026-04-10,0.10582303051843134,0.30142197210046356,0.21617454130920744,0.5590180189870672,-0.19706258644676478,0.5328615322401012,0.6798062381211101,-0.013049404106563078,0.0
ORI,2026-04-10,0.022043005030886187,0.25761399313588246,0.11265353139680083,0.6191846563537009,-0.3381309736603242,0.1912046981441697,0.1340883826300844,0.014024239648968373,3.03
PCTY,2026-04-10,-0.38070335658458454,0.402084387660885,0.09062200653246223,0.7045836237437646,-0.39525084102233976,0.20982874377697827,-2.3036459470993433,0.08887673453635359,0.0
RWT,2026-04-10,0.12185182881863166,0.42980164218791045,0.12613878018721417,0.6354669146047802,-0.341035698747855,0.28408203024278933,0.6423414805301749,-0.13241983518771305,12.18
SBCF,2026-04-10,0.04393793941625024,0.29558244630347213,0.3034663206716414,0.8952695867399869,-0.243262361018713,0.7147263865174589,0.2951032452128522,0.06025380394966795,2.32
SNEX,2026-04-10,0.38911258788950276,0.4085343715056111,0.2689857201597505,0.6608278765541026,-0.14954436649567157,0.6497523899991902,1.7218006632661618,0.15053979693570274,0.0
TSCO,2026-04-10,-0.16399862044969682,0.290213547538254,0.1619527097503303,0.5016277936046631,-0.1516253713518823,0.36673869335724435,-1.2467268880792752,-0.02452003326266028,2.1
UBER,2026-04-10,-0.25989580154418945,0.32434061795617763,0.12141599038527938,0.40619249496667537,-0.2853017775259536,0.32627915235699123,-1.8388959910509346,0.1754452132375116,0.0
UPS,2026-04-10,0.23296310091552797,0.27980577278580226,0.2134591808560043,0.6086662264597303,-0.20053276583230076,0.5068394698809898,1.4942848265548823,-0.20168171235216548,6.45
VFC,2026-04-10,0.33039504188964464,0.4984715527644664,0.295670337498307,0.6437588767166583,-0.2837501754635627,0.717904263310223,1.3172850274003887,-0.10855804339019803,1.96
WDAY,2026-04-10,-0.5319032761110598,0.41511900788497264,0.09668984849005942,0.7597862316677855,-0.32180975186339866,0.24564469865299352,-3.569889499364896,0.3064335312452311,0.0
ADMA,2026-04-10,-0.34328355118817855,0.613710817845415,0.09646147456684934,0.3544818764959632,-0.19863639371531844,0.24534371595524632,-1.1334512047750918,-0.5283780656720426,0.0
ALGN,2026-04-10,0.32706458239029,0.3955406503623014,0.2843438507600019,0.7217542891385986,-0.3438820727389857,0.6861130975321794,1.5298762640559591,-0.30128719023217543,0.0
BANR,2026-04-10,0.024736200222705396,0.259580506366911,0.27133477739509637,0.8221968087816292,-0.19583263841995582,0.627292918599691,0.15428829273451797,0.1047864553995772,3.05
BKNG,2026-04-10,-0.16318857876799253,0.3742565802858888,0.1645240569709106,0.6887847685265411,-0.2788014594903112,0.40618702452672095,-0.8875414688847516,0.15659560172373577,0.89
BKU,2026-04-10,0.1868470313641597,0.32622009644657735,0.2633561669742242,0.8580490819602646,-0.27553982413416506,0.6197241099695022,1.0904148280627035,-0.0666380737648995,2.77
BSX,2026-04-10,-0.36852383762314245,0.3652548217058895,0.006931122377393086,0.4200931964136411,-0.5850042919070898,0.027483540132282134,-2.456571569411675,0.1853031145589492,0.0
CBT,2026-04-10,0.062180361848615195,0.3236577468399695,0.21156225107266458,0.6618830602150723,-0.2596604705277788,0.49471068869277696,0.4019899379740538,0.11382080437118014,2.41
CRUS,2026-04-10,0.2713575969033388,0.3610405137921424,0.22633334859775425,0.5960821576597679,-0.19803545590837182,0.5398023250024776,1.4020651471532162,0.05785637046122549,0.0
DAL,2026-04-10,0.1462753389426652,0.4185315028563377,0.2802616367446819,0.8992902707471168,-0.3618060537395222,0.7026791882147476,0.7618704938410092,0.11188242641012391,1.11
DIOD,2026-04-10,0.5825871030387562,0.6464410042930387,0.18657582887254606,0.7184845826648012,-0.38252476707161526,0.47756302790736893,1.6755975377189507,0.004872430829519603,0.0
DVN,2026-04-10,0.40827278376560394,0.3227775680874236,0.07429461931876634,0.8388988060216475,-0.20677295303145649,0.1670771380418577,2.1677245967634478,-0.24559548228998562,2.01
EIX,2026-04-10,0.47215426516502923,0.2392877978214406,0.16827482112763945,0.7634486037643126,-0.22595265808098097,0.35033982719045126,3.201829260491739,-0.250532153892997,4.63
ENTG,2026-04-10,0.4279777357424661,0.6091670665221248,0.26223053142411,0.7583392023025523,-0.3190088575648894,0.6780614649869797,1.410968452311517,-0.12649692459967476,0.3
FND,2026-04-10,-0.25191614749456315,0.45907295465215253,0.27606078935898704,0.696535543091984,-0.1774688556849357,0.6581515049037023,-1.1392677548167367,0.03209065932293309,0.0
GAP,2026-04-10,0.3003786241432971,0.45420700735898717,0.26835269958836766,0.6363360960041056,-0.2319748259316035,0.6517249003365466,1.3004694629338938,-0.07567452171574884,2.66
GD,2026-04-10,-0.006948221188393333,0.21581057649990903,0.21416104924359355,0.6708770666555556,-0.16098973056189037,0.512468160372361,-0.15713422407392372,-0.09587191441852616,1.77
GHC,2026-04-10,0.08669637612986203,0.26802351497940946,0.2270572502252873,0.5443534214206881,-0.1931238532488334,0.5220186054053777,0.597837607487474,-0.003438165225297385,0.68
GXO,2026-04-10,0.04932070628059071,0.35765189047470164,0.2713061983230671,0.7040907471322344,-0.17487447122982794,0.6681090933840697,0.3272620983587587,0.0005799292759930408,0.0
HCC,2026-04-10,0.3717834953860668,0.5538690753512243,0.042015056520062315,0.7457612666300564,-0.34772537868455966,0.12968302794301545,1.3367705410331214,-0.24868475255733002,0.37
HCI,2026-04-10,-0.19873736581658452,0.3438843843321356,0.1131080888159487,0.45656743719298126,-0.20061164705720247,0.24324238356668895,-1.2512089433090463,0.049607489259526294,1.03
HD,2026-04-10,-0.09595896831341921,0.2545549859571241,0.24061348312190267,0.8653440140970468,-0.2105086070745357,0.5439101494869156,-0.8413599400669232,0.026547229444758846,2.74
JHG,2026-04-10,0.18289205027844724,0.26332946376405403,0.16857084726519814,0.5676184282503607,-0.1986369776891176,0.40466099156310187,1.2507040932960247,-0.1469087619879733,3.11
NEO,2026-04-10,-0.11594207444039151,0.46282406624417805,0.14893444389026889,0.43065718479781934,-0.20436508321798508,0.3697891445907852,-0.3982999662670163,-0.05892676903451266,0.0
NSC,2026-04-10,0.0121397520662625,0.17799756095052974,0.25368223088685304,0.9388734904240263,-0.10496590836855157,0.5589814352723037,-0.016600979792404127,-0.02956607514449039,1.83
ONB,2026-04-10,0.08980100997822538,0.3014036507604167,0.315343778881845,0.9243666724157761,-0.22879870550124007,0.7389076569290082,0.5837905346547824,0.02992207053862983,2.45
PENG,2026-04-10,0.03584387365529329,0.5503358660418456,0.21665251565152965,0.6162287678278271,-0.23927551167100633,0.5591163379706873,0.32500282023947824,0.35381604544957734,0.0
QCOM,2026-04-10,-0.212903236626672,0.3534284422842501,0.21773641894989662,0.6391114560754367,-0.2961775432477439,0.5602029496943033,-1.3108784177271198,0.13265848349343823,2.79
RBA,2026-04-10,-0.020483902484657146,0.31012819141888337,0.2291746905457138,0.6428256984551608,-0.287488895620461,0.5551985585332527,-0.11541398533588106,-0.00927732679191351,1.22
RUSHA,2026-04-10,0.4214227847631724,0.3044689559829859,0.2558378307823694,0.6293888087181113,-0.193823304629916,0.6013921649479927,2.3407914959447886,-0.16852221843709914,1.05
SYY,2026-04-10,-0.029633574444426936,0.3302788281306649,0.11032038587412525,0.40478204177731614,-0.354752555226298,0.2482258555030003,-0.14443225234781418,-0.20341170869929803,2.88
ACHC,2026-04-10,0.04686260090843719,0.7216904893979057,0.04994783035417132,0.4214444570512223,-0.21602844215505748,0.12807968236079897,0.41206542533925244,0.045930216213365904,0.0
ADP,2026-04-10,-0.32352735998880366,0.24000507257941292,0.15348061609382202,0.8436542271549266,-0.37381491453290744,0.346669662046559,-3.3365911646033592,0.17462651624571524,3.47
AGYS,2026-04-10,-0.43234656045744224,0.5804829963155168,0.0987691410525097,0.462735388024485,-0.354752555226298,0.24706549756256765,-1.7479909956977722,0.19663797207157996,0.0
AHRT,2026-04-10,-0.11642691239910341,0.3240992002105083,0.19733721387495776,0.5063236555906202,-0.25826192999407865,0.45203677394121405,-0.7404358381953655,0.13624876368387673,9.86
AYI,2026-04-10,-0.23396356869375112,0.35514654012693997,0.17520047523614282,0.5696091147946688,-0.3728931192837046,0.46601546820293177,-1.4510265821061894,0.32508902784464944,0.27
BFS,2026-04-10,0.15003044687622302,0.18993511808916164,0.15328105139705184,0.6668918541741531,-0.2960670046416633,0.29614306141243435,1.35211898532465,-0.126080759303566,7.01
CPB,2026-04-10,-0.2809237138412045,0.31048253120614844,0.04528183313360383,0.7391081177281005,-0.31789484132871854,0.06323946646853584,-2.1212565736212037,0.15479132625889147,7.5
EIG,2026-04-10,0.01785204735276591,0.265528690707057,0.11468919635278642,0.531788939602994,-0.3120977916006292,0.22333259989397783,0.1061813836077472,0.076176474420245,3.0
EMN,2026-04-10,0.2520231582021579,0.36031160647011246,0.25940753120235616,0.6816938315653067,-0.11916540612939176,0.6012499074372879,1.3168968317643641,-0.02626978319680895,4.59
EPRT,2026-04-10,0.12449216119012685,0.17929704500850274,0.07905943682286735,0.6684871329235262,-0.22909211260506457,0.13913631795481232,1.1687807397355803,-0.13525981360367278,3.82
FIVE,2026-04-10,0.44952303651506087,0.3720314925209452,0.20799059051309168,0.6041294569571266,-0.3213412669988899,0.5375755287031224,2.08126722170172,-0.3837407958670337,0.0
GMED,2026-04-10,0.5286026138835269,0.5784403719891718,0.1496754021696318,0.6800361119605082,-0.4297897643574479,0.3457483306060429,1.65196437703339,-0.40083483166042133,0.0
GPI,2026-04-10,-0.20789927710874578,0.2988806953819556,0.17704084458229755,0.6739533660371445,-0.2527753898509548,0.44209142074380875,-1.5643325948679159,0.3600815528263237,0.65
GT,2026-04-10,-0.007713927670826459,0.4583532992736441,0.20766874877980734,0.6091582640365806,-0.1716881660010418,0.4973746024778244,0.10102741233060494,-0.08565457899531481,0.0
HASI,2026-04-10,0.3105280071990477,0.3502749207874801,0.21632811676234634,0.5945505349636956,-0.2829887673874565,0.5174385104292569,1.6039260379425297,-0.10946286784538595,4.37
HTZ,2026-04-10,0.11415928673264353,0.8345876790636417,0.12206943049149181,0.558559370259822,-0.24028134052581052,0.29696503094119564,0.5915977201016764,0.6436318780751812,0.0
ITRI,2026-04-10,-0.24966432713031006,0.4896981056013406,0.16964413191697533,0.6041452292248698,-0.37668366617728755,0.44852737154813843,-1.0109663007726954,0.30295378541572293,0.0
KAI,2026-04-10,0.13433050662895307,0.3790961240555313,0.28856035919195894,0.69473996374596,-0.27950317067422087,0.6948679660630527,0.7441920259100633,-0.19056316985080257,0.43
KMX,2026-04-10,0.04001358796703891,0.5454741716413347,0.21446599688098716,0.705799581749745,-0.4956585340766681,0.5290746636877758,0.3591919512175929,0.04594870109094229,0.0
KNX,2026-04-10,0.3766545721521142,0.3948931743716597,0.2295354245154466,0.7656678885381611,-0.2813194801366141,0.5576800319247157,1.7208854441658874,-0.15940367922506438,1.3
LRCX,2026-04-10,0.8795192020097353,0.5794124056765497,0.18610418259523356,0.8868167745828516,-0.36891365949847266,0.5119644685959943,2.4139947711840306,-0.2991760816403214,0.4
M,2026-04-10,0.11215947674897286,0.42060194847275173,0.216935522400531,0.644002405771365,-0.25737542670997765,0.5307791249206226,0.6144024856472818,0.03453490298032491,4.0
MTSI,2026-04-10,0.9333735476295577,0.5474503300758075,0.13151128386719635,0.7458843836976516,-0.3353478060446702,0.3676459217098415,2.625485414684785,-0.4174735720461541,0.0
NUE,2026-04-10,0.3651291214427044,0.3023533310367134,0.22080717777254572,0.8566120447030987,-0.21982275419870986,0.5473030145579599,2.0846779694700768,-0.1458074544722212,1.22
PI,2026-04-10,-0.49868704219087834,0.8068404630128626,0.1155006349497375,0.5144649719120611,-0.2581913030840801,0.30249107832209327,-1.3605991684702299,0.6255031935297075,0.0
REZI,2026-04-10,-0.10301448000371605,0.5753835325905962,0.2285531207532002,0.6127920389750683,-0.4740330313398568,0.5740126042592705,-0.1540097233828165,0.20324016967592684,0.0
SEM,2026-04-10,0.21163442258344323,0.2876922029253454,0.1480520660065615,0.49335773074562683,-0.23159536324084212,0.33902776995074246,1.3357325898486678,-0.18982001962296735,1.53
TTD,2026-04-10,-0.6229580455942715,0.5134452358565664,0.07667264255559246,0.48002537215570423,-0.3186143825244782,0.20866841549342907,-3.648580000389388,0.35271367370732776,0.0
VAC,2026-04-10,0.08237826520820102,0.6253099759673219,0.20020806082211842,0.6855156843564443,-0.5108784239060028,0.4961082488913053,0.5166406469435526,-0.1785121381296756,4.67
ZD,2026-04-10,0.13714132282931035,0.8266511343647055,0.08580565031830185,0.5976913916995718,-0.4036894179737828,0.21655961844769828,0.6068845058153052,-0.14251677985930122,0.0
ACT,2026-04-10,0.20675309936198016,0.2421238148937455,0.16431281927750901,0.8031232995113088,-0.3812135367096468,0.32455787238717493,1.5066126653562844,-0.10224557040197435,1.97
ADEA,2026-04-10,0.6811785581644865,0.6825788013659201,0.162531393379516,0.4657956738215637,-0.22755865102204867,0.4252236049267728,1.7945841274188201,-0.28489920558934156,0.74
AMTM,2026-04-10,0.11757320128841009,0.5216510482251259,0.1674557365490384,0.5199919662340209,-0.2987438031167049,0.4231629489807017,0.5964775288646008,-0.26355117785414073,0.0
APH,2026-04-10,0.12545114291560866,0.48172312943938966,0.12550402770376382,0.7668799631895812,-0.38295758254860635,0.3505421167489176,0.6493809270816947,-0.052538873041570455,0.73
ATR,2026-04-10,0.014219287029815009,0.27290586678606943,0.18740254151671462,0.5701136990882164,-0.3144572499010113,0.42322912182871764,0.08151374392165868,-0.033259235285304944,1.42
BHF,2026-04-10,0.2539846845160172,0.55645455711176,0.014540126812641812,0.5884568790895213,-0.5185710206390015,0.025919049993313868,0.9854285338482317,-0.2811096083681568,0.0
BROS,2026-04-10,0.11120265325876888,0.4922008642637193,0.24853390147927454,0.6141995557487636,-0.24491822639901162,0.6232061540426473,0.5869364748694171,-0.004458804132044802,0.0
CABO,2026-04-10,-0.4250724625402321,0.7033720055873001,0.12991815523038197,0.5834457401188724,-0.18556244581011605,0.29936248119408143,-1.2983616337019035,0.05298551477233082,9.01
CNK,2026-04-10,0.14853289056962815,0.4349662424523462,0.08378247011910815,0.4397290068422809,-0.16730051426943893,0.20621483690073358,0.7599761788049176,0.1323816709190555,1.17
CTKB,2026-04-10,0.14213196310829557,0.5748824885905245,0.15132090018346495,0.4670555647019826,-0.18778800841873292,0.37965182008346127,0.6649901403346052,-0.04009937857708923,0.0
DEA,2026-04-10,0.10584873958241126,0.21987250139345774,0.18156264063778657,0.5993163230224039,-0.17678139530512124,0.39224811384026725,0.8360659642829137,-0.028909920698349856,7.92
FBIN,2026-04-10,-0.18410731289596227,0.48812343409573844,0.2324331331133316,0.7643071941233749,-0.2896086148814444,0.5478988178879659,-0.679282222423774,-0.054654771017195736,2.55
FELE,2026-04-10,0.08639549282566761,0.311475692923365,0.20882907836610348,0.7309797780520205,-0.5414618593857622,0.4877509901108416,0.5601829403588888,0.04263848795785741,1.11
GDDY,2026-04-10,-0.4070254519560843,0.39594395115814346,0.10293901887779114,0.5569778338426771,-0.3840243998113665,0.24586007990780595,-2.5624238967613584,0.3204416228560596,0.0
GEHC,2026-04-10,-0.01876477714749203,0.30865275321539454,0.27223302961537754,0.6294954530883301,-0.28293971337995855,0.6497987174901841,-0.10987100761235029,0.008754845642363285,0.19
GEN,2026-04-10,-0.31884120545343575,0.30416567766225355,0.1986162235279327,0.6530397401196885,-0.2532527612255227,0.4847573365436895,-2.531073307009356,0.06548897698921219,2.72
HNI,2026-04-10,-0.20238812174127874,0.32829360801457613,0.2519486255200168,0.6551832088620804,-0.20432727617403024,0.581775251760992,-1.3552720032341623,-0.09833613951218267,3.9
ITGR,2026-04-10,-0.17359772062618584,0.5381878912338198,0.09181604869509408,0.5869832018628698,-0.4751454433661803,0.197294755150851,-0.4715165116991588,0.11050154395275436,0.0
LOW,2026-04-10,0.056401935852488316,0.2720265944725197,0.2405443873901805,0.8653440140970468,-0.1922904648759217,0.5459204567718469,0.3832213365564333,-0.0734484219040823,1.94
LTC,2026-04-10,0.1960094467190281,0.18545966903093167,0.07219405308227661,0.7173543903020412,-0.33152629954774326,0.11631788136446419,1.8072865290432196,-0.11942363608739404,5.76
MTDR,2026-04-10,0.35907130198677684,0.40730694331453193,0.054431402783778074,0.8336074137319218,-0.3134521405748528,0.12960107493002634,1.6182581137713652,-0.21622969321862195,2.51
OGS,2026-04-10,0.1434177657500475,0.1571985563684746,0.0783557264534559,0.7585686614215094,-0.2787132185407532,0.10358487347138064,1.524073778066702,-0.03884290838998916,3.0
PLMR,2026-04-10,0.08476700941173188,0.3263456214010754,0.11434604527636116,0.5631618750300896,-0.2107910993316488,0.226594023059844,0.5318266329225044,0.06154047347035119,0.0
REG,2026-04-10,0.12048170532448621,0.15880664854410115,0.174748780120201,0.8118806003783982,-0.2129005133615436,0.35886821008385794,1.2527372513304282,-0.10302560984355502,3.85
SBH,2026-04-10,-0.04566825315626799,0.44445646775765335,0.18532432656585981,0.48055731177350525,-0.22121463442235884,0.4480446098460728,-0.08782883432804511,-0.08587862366915877,0.0
STC,2026-04-10,-0.023872397280542024,0.3033058720568069,0.20335333908905462,0.6661596055550185,-0.20992044799233317,0.43631799466850624,-0.15168917798259082,0.08584958544254939,3.22
SWK,2026-04-10,0.06449281608391222,0.3776476446051809,0.33516761706888115,0.8031357424384387,-0.18580419305478568,0.8011312489741284,0.4065375112896996,-0.11547762546045637,4.52
SXT,2026-04-10,0.020987603993344317,0.30554317589849544,0.18609059634525857,0.5068112504007436,-0.1548660597991321,0.42741506133490564,0.14776281676999956,0.023032949646146106,1.77
TTWO,2026-04-10,-0.23690052974491926,0.31690453593606377,0.0810601610929771,0.5697847970334672,-0.36870084379125245,0.24063534646164397,-1.6935161117358826,0.10104980832047927,0.0
UNFI,2026-04-10,0.11059084075731085,0.4443093744372881,0.09943601754703268,0.42375844901623294,-0.2276027367783341,0.23515690615078125,0.6009306065047926,0.15419185789243905,0.0
AHCO,2026-04-10,0.36084822092376334,0.5177396661071435,0.10495775189340262,0.4940608262602967,-0.2199862007650372,0.23062074391863951,1.3703009977450633,0.09990753010482656,0.0
ALB,2026-04-10,0.8364756175360564,0.6036253978579386,0.13868716654829474,0.5803319557666791,-0.242766919813415,0.3752247214051223,2.2645945175579887,-0.5801521243869084,0.94
ANDE,2026-04-10,0.8115303839080159,0.32026290953777264,0.11676630452928462,0.6358427337669696,-0.3274307145593432,0.26383216561495054,3.771284624590429,-0.4028933363962115,1.08
AVNS,2026-04-10,0.26400002373589415,0.3705513923928941,0.18735675039989225,0.5003669959833804,-0.18116127526289044,0.4317286379140833,1.3451069821308883,-0.14479011873819747,0.0
CDP,2026-04-10,0.16700019489879336,0.18460144293419345,0.17200815750740805,0.5993163230224039,-0.18429184390723924,0.369228113321154,1.5455704275215485,-0.1347064852439691,3.87
CIEN,2026-04-10,2.0657661173931636,0.7226855954050879,0.09953004349461414,0.7521419625780641,-0.3704933956835002,0.30240460374371403,3.4421776782840827,-0.40156083307354207,0.0
CMI,2026-04-10,0.4600927422086598,0.3673814792589348,0.2199462912867451,0.7965825963110107,-0.2877686800921856,0.5731161558596775,2.1459331312261174,-0.1869980914517254,1.28
CNMD,2026-04-10,-0.19621228534137258,0.3987817961196938,0.2177266727150799,0.49908064138433367,-0.17302909065659833,0.5114147319355136,-1.0109121226053204,0.0928828023689755,2.17
CXT,2026-04-10,-0.3523531361857679,0.3337855762834915,0.2531670637305525,0.6921133845018935,-0.2953509234935271,0.6308503594713762,-2.5819378856803596,0.40295806947877644,1.66
DIS,2026-04-10,-0.10181133257955721,0.272704646398244,0.20940011500048542,0.5050100958413541,-0.328043853605722,0.49766594621679583,-0.8136542097248504,0.05549783767038985,1.5
EME,2026-04-10,0.18543628683956204,0.4521941655307624,0.14179287362824647,0.7785481967676483,-0.41664515872598534,0.40470621459457495,0.8954775966341914,0.018555692261832957,0.16
FFBC,2026-04-10,0.17197195207713367,0.2840106634788917,0.29443119527876077,0.8788259748166266,-0.18228413442818667,0.6763060061748304,1.1172797113653476,-0.007529587174575747,3.32
JKHY,2026-04-10,0.0028738627594699917,0.26202334584934567,0.1087169320330797,0.6451150551460341,-0.3290268945097239,0.24155409113563955,-0.011134552500984957,-0.24719374795216054,1.53
MLI,2026-04-10,0.2472440056859344,0.29425978720044466,0.20321251162842663,0.6398282653014875,-0.3811860022749812,0.5052272064010845,1.5186928843407559,-0.10078061495295643,1.16
MRSH,2026-04-10,-0.18596535837794126,0.2673885231520834,0.1099583392270731,0.8078142951748667,-0.37375607270319816,0.20660383109103023,-1.5759422757193358,0.11059350740346896,2.08
MU,2026-04-10,1.170456016194175,0.7033299399252881,0.1113233861680178,0.7602823624773111,-0.3740580486779145,0.3373380920979422,2.514449672570155,-0.8574871400868017,0.14
NOG,2026-04-10,0.17811161883813464,0.44323643069348034,0.08988190520930177,0.8196961059397826,-0.20390184022796945,0.23156255035575768,0.8686415584643388,-0.2925214972462147,6.64
OII,2026-04-10,0.5425895198826476,0.4777836524850017,0.13355896700779096,0.676981492784113,-0.2754992493081029,0.3452115826993913,1.9774130195132031,-0.42326781151841264,0.0
OLN,2026-04-10,0.18544428589584872,0.6080382604375261,0.2015595064669613,0.7686998109062348,-0.2083142798911086,0.49569664925553236,0.7958097731442,0.17211538434169593,2.82
PCG,2026-04-10,0.1565246662150115,0.24468314921196396,0.16570788991468077,0.7634486037643126,-0.24027054682587926,0.338734732760575,1.1442977592160501,-0.09131324595445878,1.07
POOL,2026-04-10,-0.2697327764344545,0.33906193708611787,0.22343114198012085,0.6223569963024578,-0.17739438717027692,0.5192047227618306,-1.8191787285989318,0.3315068163853442,2.34
QLYS,2026-04-10,-0.41886269935012,0.5266417608080116,0.05508304889895957,0.5728347700917147,-0.43956981464605416,0.13670036291190957,-1.8955280485976687,0.007828465179941846,0.0
QNST,2026-04-10,-0.21533330281575525,0.49090147849672666,0.1905685743754978,0.5985724775805217,-0.3720632577950347,0.4712891600363812,-0.8363415131516017,0.1831047032602937,0.0
RMBS,2026-04-10,0.1314829372673969,0.7426546366618144,0.1934850965215097,0.6900154731287212,-0.3923638543621932,0.5254392843798935,0.6489196923597828,0.16242813676733125,0.0
SARO,2026-04-10,0.014557647492366987,0.32726844919257925,0.22568279953174794,0.615165794878051,-0.32395354421778216,0.5759418536485118,0.12046355651607919,-0.11351664319987631,0.0
SDGR,2026-04-10,-0.45423725588592556,0.5409751560799305,0.17401485222149138,0.5532215635390078,-0.3129551433558067,0.46220477024097106,-2.063801873201506,0.29884066435911005,0.0
TMP,2026-04-10,0.3268562336016485,0.29498269190758497,0.2713833740697813,0.8528461929487503,-0.14846611722492165,0.6120239441758067,1.9354593722549798,-0.060651756580689775,3.13
TRV,2026-04-10,0.09694955367248093,0.17602193360865784,0.1357080505172913,0.8105797364369974,-0.3890209385504663,0.25034930306297826,0.9031668644602096,-0.10183011070652559,1.45
UGI,2026-04-10,0.22777417831182634,0.22156700633537701,0.1533614252421931,0.46426286433149955,-0.16983194734365342,0.34730692131727764,1.7843290339279019,-0.12450730133912824,3.91
VLO,2026-04-10,0.4715388908686229,0.3704962183862975,0.059714788519856364,0.8398492606472172,-0.2603996907624016,0.15095650478880362,2.1701635545309332,-0.3711292491420348,2.04
AA,2026-04-10,0.9879096311144187,0.5937165937871621,0.13229256784927818,0.6503286543529521,-0.29481364703705126,0.37042209775414187,2.5574632557097403,-0.5444141805504845,0.55
AEO,2026-04-10,0.21712986182123495,0.5345622093432715,0.20907866129835673,0.6099570235322859,-0.24483908168039756,0.5129270017388144,0.9260485667318072,-0.2502258258859077,2.7
AEP,2026-04-10,0.19519930259422358,0.18365936451013035,0.015912987038935154,0.6742843686377707,-0.47991407402623,-9.225180688265841e-05,1.8146898184219644,-0.0904124865071293,2.77
ASTE,2026-04-10,0.34246089737458263,0.3766268529228815,0.2889473680974813,0.7271999733454222,-0.20204591146962006,0.7018334838595058,1.6495256874271491,-0.12958485995528402,0.85
BLFS,2026-04-10,-0.27162116847022866,0.44303244916414525,0.21745346545585917,0.54912977604301,-0.20382605767352108,0.5330581058600788,-1.3160779166174406,0.38276400022292767,0.0
CENX,2026-04-10,1.1385697321064265,0.7012323023041489,0.09329667914251116,0.6503286543529521,-0.31078491636910827,0.2657220591848356,2.4783749491873674,-0.5486505317936352,0.0
CHD,2026-04-10,0.10515299936175393,0.22576233814204721,0.08506010951481338,0.6498046876591063,-0.36748857826169623,0.15951117727512049,0.8134584501818791,-0.1811306965882351,1.28
CLB,2026-04-10,0.49903376588864456,0.602335563068388,0.14315210993792762,0.6096864156707564,-0.4751454433661803,0.3621383904571864,1.562710137411239,-0.46316663878214404,0.24
CRSR,2026-04-10,-0.28778335402330146,0.9071544128388188,0.16130598023364,0.6888035252045116,-0.33518201757603633,0.4077130930463544,-0.40570140308201613,0.16264810064931712,0.0
EAT,2026-04-10,0.24204431474010768,0.4616208844836318,0.14686707653806547,0.4968073503870977,-0.20966074990012815,0.36758018476315374,1.0828910743936309,-0.11524992619298868,0.0
ETD,2026-04-10,-0.16334248661420037,0.29678226518348827,0.2429409113547933,0.6789746326754367,-0.3714688146574599,0.5781608707359992,-1.2056804324588715,0.20011827326763754,7.03
ETN,2026-04-10,0.07876625776640234,0.3396780874587782,0.19291609184729427,0.7150401182019709,-0.3555845924167756,0.5118767807428051,0.492465852359962,0.17084316498314178,1.1
EXC,2026-04-10,0.07449529490311457,0.19265139519972946,0.019467943797835285,0.7793557066654723,-0.4078298833706551,-0.007459894023327574,0.6236089415074003,-0.05964470817645806,3.4
GSHD,2026-04-10,-0.42339349739818366,0.5614979258109227,0.09666104281256965,0.551783147832015,-0.2681114818118451,0.21007546650638922,-1.7647684833049224,0.2937895426855538,0.0
GTLS,2026-04-10,0.03735328702890928,0.02518828552861054,0.11981888482467033,0.46743835529766115,-0.2419716747107704,0.3010745077144373,1.2401216507818758,-0.031219481877701738,0.0
HQY,2026-04-10,-0.1421642877230722,0.3431753917720684,0.18014820934595271,0.5411143271988321,-0.2307132155806295,0.44270210980675395,-0.852723394960762,0.15760477559801978,0.0
JEF,2026-04-10,-0.12646461539450227,0.4806465712867773,0.26126223565167617,0.7566757392075717,-0.29069314214073383,0.6450986110604269,-0.4104423975092646,0.41933824942421993,3.55
MOH,2026-04-10,-0.27713566118969357,0.6090532827904627,0.029952571086963056,0.49283794192593233,-0.43887778942929273,0.048735801701794416,-0.8120310564340871,0.21046712173965187,0.0
MS,2026-04-10,0.14155976969700212,0.2981974813718194,0.25093652895671703,0.863144204032625,-0.3652210742659976,0.6397605774915299,0.8996377531347397,0.03675373802630544,2.25
NRG,2026-04-10,-0.007632998068674901,0.45881278283123533,0.13859317969729046,0.7940836028393661,-0.30110244127120334,0.3789248655472482,0.10233040470318931,0.19922034832724533,1.17
NSA,2026-04-10,0.3844270059319972,0.5068781665797107,0.14887299196437592,0.48494073023986817,-0.22900005742493917,0.3446945302616361,1.4332026481954199,0.25436934297727354,5.56
PAHC,2026-04-10,0.5785085351968247,0.5042877467545431,0.16312573624140145,0.5855927335538615,-0.4387395785682157,0.37309867327920715,1.9817831742925818,-0.1947546121875644,0.81
PB,2026-04-10,0.07622689433239138,0.2595149353694506,0.2693115800796852,0.7814554514449548,-0.22147607168475109,0.6222136606325299,0.5354049426309578,0.0188803598460906,3.39
SIGI,2026-04-10,-0.02330024700861133,0.2309808386659047,0.1833940380963696,0.6279732454470157,-0.3129665710497832,0.3713771840425479,-0.2769119806228318,0.10016667388840117,1.99
STZ,2026-04-10,0.19473375541500593,0.31283076930279813,0.07572568610043708,0.4892870711450731,-0.3381910297978308,0.16865858299035788,1.1641832239956693,0.0402128012761499,2.5
T,2026-04-10,0.03280320728587838,0.22819886823315969,-0.006723166118704484,0.6576304802496475,-0.3575983353502426,-0.05994376831782293,0.20949544786423613,-0.10134674759533491,4.14
TGNA,2026-04-10,,0.17735364536299056,0.08778436240904737,0.5366238481877487,-0.6012154470341906,0.2083152837810103,-0.10516387108204277,-0.07974901822344771,0.025
UAL,2026-04-10,-0.04775998137747095,0.5021294285519163,0.27836292790310013,0.8992902707471168,-0.33513349420773625,0.7004123370370883,-0.03373352505321292,0.1392314919149611,0.0
WMS,2026-04-10,0.07472265938864586,0.34590994120115875,0.25842031474497684,0.7029937302409943,-0.3831969864476984,0.608235158992343,0.466207460496583,-0.08043329623829365,0.48
XRAY,2026-04-10,-0.018740270863283115,0.5062431737996332,0.24482474114751376,0.6223644096353096,-0.24071025725406003,0.5993806992951385,0.0883447723517731,-0.17225956428967704,5.04
AESI,2026-04-10,0.030713655100357284,0.684862209423637,0.045667133481603686,0.4967301947870024,-0.31099858284993276,0.14399181515370385,0.36986933226024626,-0.4075194901649434,8.69
AFG,2026-04-10,-0.05426760497770611,0.20303203784429483,0.1208252784877309,0.6092957208884772,-0.23816694980555153,0.23515900263140502,-0.6647516244374941,0.09697777252650774,2.66
ALRM,2026-04-10,-0.19222670885548054,0.30290778582494604,0.21502242715024053,0.6068505284711617,-0.19726136509933775,0.5213828216828617,-1.4109688450185212,-0.09501898296653932,0.0
ARCB,2026-04-10,0.46099360903229525,0.4840043140335961,0.28776960117365824,0.8078082999214976,-0.1712432023982703,0.6863147972744144,1.7314773370067826,-0.09688647291982322,0.44
AX,2026-04-10,0.10507369819170442,0.3474892753768331,0.282230571316945,0.8504380567141845,-0.20133776419806076,0.6585503254078775,0.6311212713906326,0.012519868968565717,0.0
BOOT,2026-04-10,-0.06547619047619047,0.4600227932378562,0.2048697623683952,0.5558079701109712,-0.3434459280704795,0.5184523451693228,-0.16470095288477202,-0.10563979693787018,0.0
BRX,2026-04-10,0.12438323158200904,0.17934201725764917,0.17637960617225612,0.8307771787357613,-0.20580186974751,0.3545891795574166,1.1676707676409834,-0.11621154710576997,4.02
CRGY,2026-04-10,0.4500217094687051,0.5159715286340619,0.09559182708054681,0.8149141212533871,-0.2109714936695958,0.24116790032596583,1.6279447766695136,-0.2979524559738468,3.79
FCPT,2026-04-10,0.088534982426141,0.17508445146451906,0.1498756510788192,0.6586569589845856,-0.19793242466232777,0.30426174812218915,0.8183162657887739,-0.07268865770472865,5.81
FSLR,2026-04-10,-0.12631203278913794,0.556576987762662,0.09413490360606822,0.5437676039012291,-0.3610722143190654,0.2600656190957905,-0.2886743303036571,0.11677985642648658,0.0
GNL,2026-04-10,0.2888284125119185,0.2196682270919638,0.11817938862676118,0.5081709439778369,-0.3031268840307881,0.251756587053797,2.2436509249852685,-0.21674354266475382,7.89
KREF,2026-04-10,-0.19541382918761163,0.29476339515982897,0.2090284206938892,0.6154949998524861,-0.2136247915240521,0.4880151971227315,-1.4843025384515163,0.14961011559854054,15.85
MO,2026-04-10,0.05655331899810445,0.23202116591861321,0.0036609154029539574,0.5361843875342128,-0.43317549372104697,-0.027368943758743162,0.40933986340013573,-0.010283137207467985,6.29
NMIH,2026-04-10,0.09489247941468948,0.24655870852880718,0.1682950299428525,0.8859323689113129,-0.25691422905599554,0.3482201942906045,0.6903241476954953,0.011044014835634108,0.0
NOW,2026-04-10,-0.5538972538833491,0.4513476851892184,0.05053978530507571,0.7156494765064035,-0.3274307145593432,0.14361762528792285,-3.459113581572929,0.09052003877876613,0.0
NSIT,2026-04-10,-0.3652053553491773,0.40328995789764266,0.2047465274803272,0.587311716257691,-0.1867885186915824,0.5028249865072569,-2.173051526038549,0.06892735977058695,0.0
OZK,2026-04-10,-0.04905200841313684,0.2661468360655399,0.29644442598729215,0.824788927611153,-0.17606411424085638,0.6986016909152108,-0.40906359345398036,0.20926738897383634,3.78
PKG,2026-04-10,-0.008304015567764611,0.2716958451910696,0.2665111587721044,0.746137682806006,-0.17484913596915044,0.615898344979576,-0.08478427503851427,-0.13415747463384775,2.4
POR,2026-04-10,0.2619523913059536,0.17365905420056713,0.0742492878833087,0.689759591596193,-0.2678702360490146,0.11254448205264152,2.541737415658699,-0.142517021352507,3.87
PSMT,2026-04-10,0.3242281768625952,0.29940781684333395,0.20740779509279836,0.5335971813205066,-0.25931826146210174,0.47622903374763054,1.8976958186696296,-0.15643014247990572,0.87
SNX,2026-04-10,0.25641565185587933,0.32434058711105135,0.22371741842873255,0.6093909649657787,-0.29440753246971774,0.5784605249376211,1.4468351572626963,0.19197935190225657,0.96
SPG,2026-04-10,0.14382238808786774,0.18934329732664376,0.21813238419506886,0.6983028955460361,-0.14864772988777677,0.4789151360710807,1.2980040169652354,-0.03382512622738765,4.35
SR,2026-04-10,0.1626247524676574,0.17665530125510473,0.11707986510726714,0.7585686614215094,-0.2639216313377201,0.21968314581181828,1.5648681163669291,-0.0486243859975628,3.47
TWLO,2026-04-10,0.03944368886182703,0.5050834235894459,0.10920561056767487,0.6125030491567347,-0.2999546010730195,0.3037741658047782,0.31421518067884663,-0.2209335416084387,0.0
UMBF,2026-04-10,0.0158257191256157,0.3003119397293624,0.31967625875665034,0.9076726114991568,-0.20982393052185905,0.7480721086702034,0.11266755393337159,0.10259426341438715,1.42
WAY,2026-04-10,-0.43521241738474625,0.4418677049663001,0.14025275382547525,0.4921636129796733,-0.294292626968964,0.3522113383502291,-2.4764856744701267,0.23174739518935294,0.0
WEX,2026-04-10,0.00727133179311501,0.3603340463357633,0.200290049406218,0.5916166368451766,-0.25957072349434657,0.4827753072824455,0.10024670729034961,-0.0611790728012801,0.0
WMG,2026-04-10,-0.10196266893604933,0.33340262513573254,0.1381893163920368,0.49591171719785837,-0.22800313885172382,0.31853355675966694,-0.6123913751688127,0.1966212381829746,2.7
YELP,2026-04-10,-0.1856959864931823,0.40802777658394507,0.08300751854037082,0.5153551494609628,-0.3932358379767098,0.23495558795867708,-0.916150758274254,0.22366385458182658,0.0
ZBH,2026-04-10,-0.03437190409208124,0.31771927664489497,0.13036364177178672,0.6835564681860559,-0.5446160991013486,0.2773766506799045,-0.19165944556873538,0.013840194523464522,1.03
ABG,2026-04-10,-0.16627000737856334,0.3037475176559431,0.25032485948187855,0.7123475931486237,-0.22989275658448488,0.606874865700406,-1.1965186382704027,0.20255856826572372,0.0
DX-Y.NYB,2026-04-10,-0.008800476618711195,0.055851126035866935,-0.05922942694269862,0.27399655909738035,-0.3519382609909773,-0.13889839937387674,-1.0609403901397545,-0.0029336653618408093,0.0
HLNE,2026-04-10,-0.2129077141633159,0.39344148073611984,0.18620024095522159,0.7513092915323226,-0.23734800122531602,0.4564805193448219,-1.137958080230348,0.10763928573784076,2.28
RBC,2026-04-10,0.5538330469424391,0.25973123154275957,0.26382796544810155,0.6978766718792239,-0.24568962174838457,0.6485334145830259,3.3889815094303124,-0.31786939426894134,0.0
RMD,2026-04-10,-0.17354829370009162,0.23906924185070566,0.21548343722625113,0.544165537321085,-0.15560697637517168,0.5041421444945086,-1.666769472715221,0.08109119591151126,1.05
TMO,2026-04-10,-0.06583716124812322,0.23548018502177134,0.21454096354711405,0.7216491810700818,-0.29623735609087204,0.5381011111205453,-0.6483068454868672,0.07436233467660469,0.35
VOYA,2026-04-10,-0.05243088754753322,0.2988783130619185,0.2375977232831547,0.7781774753636288,-0.2641223710856818,0.5744179236708266,-0.357175603959857,0.1367020376512471,2.64
